composite,token
_cvetko_golar,_cvetko_golar
_dela_leta_1904,_dela_leta_1904
_ivan_franke,_ivan_franke
_josip_regali,_josip_regali
_podlistki,_podlistki
_slovenski_narod,_slovenski_narod
a_fi,a_fi
abeceda,abeceda
abecedniki,abecedniki
alah,alah
aljazev_dom,aljazev_dom
aljazev_stolp,aljazev_stolp
alojz_ihankategorijadelaj,alojz_ihankategorijadelaj
alojz_ihankategorijadelar,alojz_ihankategorijadelar
alojz_ihankategorijadelas,alojz_ihankategorijadelas
alojz_knafelckategorijaplaninski_vestnikkategorijadela_leta_1907kategorijapotopiskategorijapohod_na_triglav,alojz_knafelckategorijaplaninski_vestnikkategorijadela_leta_1907kategorijapotopiskategorijapohod_na_triglav
alpinizem,alpinizem
alpska_poskocnica,alpska_poskocnica
ameriski_avtorji,ameriski_avtorji
angleski_avtorji,angleski_avtorji
anonimnokategorijadela_leta_1883kategorijakratka_prozakategorijaedinost,anonimnokategorijadela_leta_1883kategorijakratka_prozakategorijaedinost
anonimnokategorijaslovenski_narodkategorijadela_leta_1904kategorijav_javni_lasti,anonimnokategorijaslovenski_narodkategorijadela_leta_1904kategorijav_javni_lasti
anton_stres,anton_stres
astronomija,astronomija
avstrijski_avtorji,avstrijski_avtorji
avstrijski_duhovniki,avstrijski_duhovniki
avtobiografije,avtobiografije
avtobiografski_roman,avtobiografski_roman
avtorice,avtorice
avtorji,avtorji
bajke,bajke
balade,balade
baratieri,baratieri
bengalski_avtorji,bengalski_avtorji
berilo,berilo
besedila_z_dliba,besedila_z_dliba
besedila_z_dlibakategorijaplaninski_vestnikkategorijadela_leta_1904kategorijadelas,besedila_z_dlibakategorijaplaninski_vestnikkategorijadela_leta_1904kategorijadelas
besedilne_variante,besedilne_variante
bibliografije,bibliografije
biografije,biografije
bizantinski_avtorji,bizantinski_avtorji
blazeni,blazeni
bled,bled
borovnica,borovnica
bovec,bovec
bozji_sluzabniki,bozji_sluzabniki
brkini,brkini
brucovanja,brucovanja
burka,burka
carniolia,carniolia
casnik,casnik
casniki,casniki
casopisi,casopisi
castitljivi_bozji_sluzabniki,castitljivi_bozji_sluzabniki
cebelarstvo,cebelarstvo
cebelica,cebelica
celje,celje
celovec,celovec
cerknica,cerknica
ceski_avtorji,ceski_avtorji
ceski_duhovniki,ceski_duhovniki
christophoros,christophoros
cir,cir
coklarji,coklarji
crna_kronika,crna_kronika
crna_prst,crna_prst
crtica,crtica
cucurbitarius,cucurbitarius
damijan_de_veuster,damijan_de_veuster
dan_spomina_na_mrtve,dan_spomina_na_mrtve
dekliski_list,dekliski_list
dela_leta_1184,dela_leta_1184
dela_leta_1294,dela_leta_1294
dela_leta_1300,dela_leta_1300
dela_leta_1302,dela_leta_1302
dela_leta_1415,dela_leta_1415
dela_leta_1417,dela_leta_1417
dela_leta_1418,dela_leta_1418
dela_leta_1435,dela_leta_1435
dela_leta_1439,dela_leta_1439
dela_leta_1441,dela_leta_1441
dela_leta_1452,dela_leta_1452
dela_leta_1484,dela_leta_1484
dela_leta_1854,dela_leta_1854
dela_leta_1855,dela_leta_1855
dela_leta_1861,dela_leta_1861
dela_leta_1868kategorijajakob_alesoveckategorijakratka_prozakategorijalaibacher_mysterien,dela_leta_1868kategorijajakob_alesoveckategorijakratka_prozakategorijalaibacher_mysterien
dela_leta_1873,dela_leta_1873
dela_leta_1874,dela_leta_1874
dela_leta_1875,dela_leta_1875
dela_leta_1876,dela_leta_1876
dela_leta_1880,dela_leta_1880
dela_leta_1881,dela_leta_1881
dela_leta_1882,dela_leta_1882
dela_leta_1884,dela_leta_1884
dela_leta_1885,dela_leta_1885
dela_leta_1886,dela_leta_1886
dela_leta_1887,dela_leta_1887
dela_leta_1888,dela_leta_1888
dela_leta_1889,dela_leta_1889
dela_leta_1891,dela_leta_1891
dela_leta_1892,dela_leta_1892
dela_leta_1893,dela_leta_1893
dela_leta_1894,dela_leta_1894
dela_leta_1896,dela_leta_1896
dela_leta_1897,dela_leta_1897
dela_leta_1898,dela_leta_1898
dela_leta_1898kategorijakratka_prozakategorijaivan_cankarkategorijaslovenec,dela_leta_1898kategorijakratka_prozakategorijaivan_cankarkategorijaslovenec
dela_leta_1898kategorijakratka_prozakategorijaslovenski_narodkategorijaivan_cankar,dela_leta_1898kategorijakratka_prozakategorijaslovenski_narodkategorijaivan_cankar
dela_leta_1899,dela_leta_1899
dela_leta_1899kategorijakratka_prozakategorijazofka_kvederkategorijaedinost,dela_leta_1899kategorijakratka_prozakategorijazofka_kvederkategorijaedinost
dela_leta_1900,dela_leta_1900
dela_leta_1901,dela_leta_1901
dela_leta_1902,dela_leta_1902
dela_leta_1903,dela_leta_1903
dela_leta_1903kategorija_v_javni_lasti,dela_leta_1903kategorija_v_javni_lasti
dela_leta_1904,dela_leta_1904
dela_leta_1905,dela_leta_1905
dela_leta_1905kategorijakratka_proza,dela_leta_1905kategorijakratka_proza
dela_leta_1906,dela_leta_1906
dela_leta_1908,dela_leta_1908
dela_leta_1909,dela_leta_1909
dela_leta_1910,dela_leta_1910
dela_leta_1911,dela_leta_1911
dela_leta_1912,dela_leta_1912
dela_leta_1914,dela_leta_1914
dela_leta_1915,dela_leta_1915
dela_leta_1916,dela_leta_1916
dela_leta_1917,dela_leta_1917
dela_leta_1918,dela_leta_1918
dela_leta_1919,dela_leta_1919
dela_leta_1921,dela_leta_1921
dela_leta_1922,dela_leta_1922
dela_leta_1923,dela_leta_1923
dela_leta_1924,dela_leta_1924
dela_leta_1925,dela_leta_1925
dela_leta_1926,dela_leta_1926
dela_leta_1927,dela_leta_1927
dela_leta_1928,dela_leta_1928
dela_leta_1929,dela_leta_1929
dela_leta_1930,dela_leta_1930
dela_leta_1931,dela_leta_1931
dela_leta_1932,dela_leta_1932
dela_leta_1932kategorija_delackategorija_prevodikategorijamaksim_gorki,dela_leta_1932kategorija_delackategorija_prevodikategorijamaksim_gorki
dela_leta_1932kategorija_delaskategorija_tone_cufarkategorijaknjizevnost,dela_leta_1932kategorija_delaskategorija_tone_cufarkategorijaknjizevnost
dela_leta_1932kategorija_delavkategorija_jus_kozakkategorijaknjizevnost,dela_leta_1932kategorija_delavkategorija_jus_kozakkategorijaknjizevnost
dela_leta_1932kategorijakratka_prozakategorijaivan_cankarkategorijaslovenec,dela_leta_1932kategorijakratka_prozakategorijaivan_cankarkategorijaslovenec
dela_leta_1933,dela_leta_1933
dela_leta_1933kategorija_delaakategorija_tone_cufarkategorijaknjizevnost,dela_leta_1933kategorija_delaakategorija_tone_cufarkategorijaknjizevnost
dela_leta_1933kategorija_delahkategorija_prevodi,dela_leta_1933kategorija_delahkategorija_prevodi
dela_leta_1933kategorija_delalkategorijaknjizevnost,dela_leta_1933kategorija_delalkategorijaknjizevnost
dela_leta_1933kategorija_delamkategorija_jus_kozakkategorijaknjizevnost,dela_leta_1933kategorija_delamkategorija_jus_kozakkategorijaknjizevnost
dela_leta_1933kategorija_delamkategorija_mile_klopcickategorijaknjizevnost,dela_leta_1933kategorija_delamkategorija_mile_klopcickategorijaknjizevnost
dela_leta_1933kategorija_delankategorija_prevodi,dela_leta_1933kategorija_delankategorija_prevodi
dela_leta_1933kategorija_delaokategorija_prevodi,dela_leta_1933kategorija_delaokategorija_prevodi
dela_leta_1933kategorija_delatkategorija_miroslav_krlezakategorijaknjizevnost,dela_leta_1933kategorija_delatkategorija_miroslav_krlezakategorijaknjizevnost
dela_leta_1933kategorija_delavkategorija_prevodi,dela_leta_1933kategorija_delavkategorija_prevodi
dela_leta_1933kategorija_delazkategorija_prevodi,dela_leta_1933kategorija_delazkategorija_prevodi
dela_leta_1934,dela_leta_1934
dela_leta_1935,dela_leta_1935
dela_leta_1935kategorija__prevodi,dela_leta_1935kategorija__prevodi
dela_leta_1935kategorija_delabkategorija_prevodi,dela_leta_1935kategorija_delabkategorija_prevodi
dela_leta_1935kategorija_deladkategorija_joze_kranjckategorijaknjizevnost,dela_leta_1935kategorija_deladkategorija_joze_kranjckategorijaknjizevnost
dela_leta_1935kategorija_delafkategorija_jus_kozakkategorijaknjizevnost,dela_leta_1935kategorija_delafkategorija_jus_kozakkategorijaknjizevnost
dela_leta_1935kategorija_delaikategorija_prevodi,dela_leta_1935kategorija_delaikategorija_prevodi
dela_leta_1935kategorija_delajkategorija_tone_cufarkategorijaknjizevnost,dela_leta_1935kategorija_delajkategorija_tone_cufarkategorijaknjizevnost
dela_leta_1935kategorija_delakkategorija_ivan_potrckategorijaknjizevnost,dela_leta_1935kategorija_delakkategorija_ivan_potrckategorijaknjizevnost
dela_leta_1935kategorija_delakkategorija_prevodi,dela_leta_1935kategorija_delakkategorija_prevodi
dela_leta_1935kategorija_delakkategorijaknjizevnost,dela_leta_1935kategorija_delakkategorijaknjizevnost
dela_leta_1935kategorija_delalkategorija_tone_cufarkategorijaknjizevnost,dela_leta_1935kategorija_delalkategorija_tone_cufarkategorijaknjizevnost
dela_leta_1935kategorija_delamkategorija_bratko_kreftkategorijaknjizevnost,dela_leta_1935kategorija_delamkategorija_bratko_kreftkategorijaknjizevnost
dela_leta_1935kategorija_delamkategorija_prevodi,dela_leta_1935kategorija_delamkategorija_prevodi
dela_leta_1935kategorija_delaokategorija_ivo_brncickategorijaknjizevnost,dela_leta_1935kategorija_delaokategorija_ivo_brncickategorijaknjizevnost
dela_leta_1935kategorija_delaokategorija_prevodi,dela_leta_1935kategorija_delaokategorija_prevodi
dela_leta_1935kategorija_delapkategorija_prevodikategorijamaksim_gorki,dela_leta_1935kategorija_delapkategorija_prevodikategorijamaksim_gorki
dela_leta_1935kategorija_delapkategorija_tone_cufarkategorijaknjizevnost,dela_leta_1935kategorija_delapkategorija_tone_cufarkategorijaknjizevnost
dela_leta_1935kategorija_delapkategorijaknjizevnost,dela_leta_1935kategorija_delapkategorijaknjizevnost
dela_leta_1935kategorija_delaskategorija_prevodi,dela_leta_1935kategorija_delaskategorija_prevodi
dela_leta_1935kategorija_delaskategorijaknjizevnost,dela_leta_1935kategorija_delaskategorijaknjizevnost
dela_leta_1935kategorija_delatkategorija_prevodi,dela_leta_1935kategorija_delatkategorija_prevodi
dela_leta_1935kategorija_delavkategorijaknjizevnost,dela_leta_1935kategorija_delavkategorijaknjizevnost
dela_leta_1935kategorija_delazkategorija_prevodi,dela_leta_1935kategorija_delazkategorija_prevodi
dela_leta_1935kategorija_knjizevnost,dela_leta_1935kategorija_knjizevnost
dela_leta_1935kategorijaljuba_prennerkategorijav_slovenscinikategorijaromanikategorijabivanjska_tematikakategorijaljubezenska_tematikakategorijazena_in_dom,dela_leta_1935kategorijaljuba_prennerkategorijav_slovenscinikategorijaromanikategorijabivanjska_tematikakategorijaljubezenska_tematikakategorijazena_in_dom
dela_leta_1936,dela_leta_1936
dela_leta_1937,dela_leta_1937
dela_leta_1938,dela_leta_1938
dela_leta_1939,dela_leta_1939
dela_leta_1940,dela_leta_1940
dela_leta_1941,dela_leta_1941
dela_leta_1942,dela_leta_1942
dela_leta_1943,dela_leta_1943
dela_leta_1944,dela_leta_1944
dela_leta_1948,dela_leta_1948
dela_leta_1952,dela_leta_1952
dela_leta_1954,dela_leta_1954
dela_leta_1957,dela_leta_1957
dela_leta_1974,dela_leta_1974
dela_leta_2015,dela_leta_2015
dela_leta_2016,dela_leta_2016
dela_leta_2018,dela_leta_2018
dela_v_anglescini,dela_v_anglescini
dela_v_bohoricici,dela_v_bohoricici
dela_v_francoscini,dela_v_francoscini
dela_v_hrvascini,dela_v_hrvascini
dela_v_italijanscini,dela_v_italijanscini
dela_v_latinscini,dela_v_latinscini
dela_v_madzarscini,dela_v_madzarscini
dela_v_nemscini,dela_v_nemscini
dela_v_portugalscini,dela_v_portugalscini
dela_v_prekmurscini,dela_v_prekmurscini
dela_v_srbohrvascini,dela_v_srbohrvascini
dela_v_srbscini,dela_v_srbscini
delackategorija_ivan_strojarkategorijaknjizevnost,delackategorija_ivan_strojarkategorijaknjizevnost
deladkategorija_bratko_kreftkategorijaknjizevnost,deladkategorija_bratko_kreftkategorijaknjizevnost
deladkategorija_ivo_brncickategorijaknjizevnost,deladkategorija_ivo_brncickategorijaknjizevnost
deladkategorija_jus_kozakkategorijaknjizevnost,deladkategorija_jus_kozakkategorijaknjizevnost
deladkategorijaivo_brncickategorijaknjizevnost,deladkategorijaivo_brncickategorijaknjizevnost
delaikategorija_vinko_kosakkategorijaknjizevnost,delaikategorija_vinko_kosakkategorijaknjizevnost
delalkategorija_ivan_molekkategorijaknjizevnost,delalkategorija_ivan_molekkategorijaknjizevnost
delamkategorija_prevodi,delamkategorija_prevodi
delamkategorijaknjizevnost,delamkategorijaknjizevnost
delankategorija_prevodi,delankategorija_prevodi
delankategorijaknjizevnost,delankategorijaknjizevnost
delaokategorija_prevodi,delaokategorija_prevodi
delapkategorija_ivo_brncickategorijaknjizevnost,delapkategorija_ivo_brncickategorijaknjizevnost
delapkategorija_mile_klopcickategorijaknjizevnost,delapkategorija_mile_klopcickategorijaknjizevnost
delapkategorijaivo_brncickategorijaknjizevnost,delapkategorijaivo_brncickategorijaknjizevnost
delapkategorijaknjizevnost,delapkategorijaknjizevnost
delaskategorija_bratko_kreftkategorijaknjizevnost,delaskategorija_bratko_kreftkategorijaknjizevnost
delaskategorija_ivan_strojarkategorijaknjizevnost,delaskategorija_ivan_strojarkategorijaknjizevnost
delaskategorija_ivo_brncickategorijaknjizevnost,delaskategorija_ivo_brncickategorijaknjizevnost
delaskategorija_peter_zdovckategorijaknjizevnost,delaskategorija_peter_zdovckategorijaknjizevnost
delaskategorija_prevodi,delaskategorija_prevodi
delaskategorijaknjizevnost,delaskategorijaknjizevnost
delaskategorijatone_cufarkategorijaknjizevnost,delaskategorijatone_cufarkategorijaknjizevnost
delaukategorija_vinko_kosakkategorijaknjizevnost,delaukategorija_vinko_kosakkategorijaknjizevnost
delavkategorija_prevodi,delavkategorija_prevodi
delavkategorija_prevodikategorija_miroslav_krlezakategorijaknjizevnost,delavkategorija_prevodikategorija_miroslav_krlezakategorijaknjizevnost
delavkategorija_vinko_kosakkategorijaknjizevnost,delavkategorija_vinko_kosakkategorijaknjizevnost
delo,delo
demeter,demeter
detektivski_romani,detektivski_romani
dijaski_list_gospodicna_cizara,dijaski_list_gospodicna_cizara
dim_zupankategorijadelam,dim_zupankategorijadelam
distopije,distopije
dlib,dlib
dnevniki,dnevniki
dobrcan,dobrcan
dogodki,dogodki
domobranstvo,domobranstvo
domovinska_pesem,domovinska_pesem
donacka_gora,donacka_gora
dr,dr
dr_am,dr_am
dragotinkette,dragotinkette
dramaticno_drustvo,dramaticno_drustvo
dramaticno_drustvo_v_ljubljani,dramaticno_drustvo_v_ljubljani
dramatika_za_otroke,dramatika_za_otroke
drame,drame
drava,drava
drazgose,drazgose
drustvene_vestikategorijaplaninski_vestnikkategorijadela_leta_1907kategorijaobvestila,drustvene_vestikategorijaplaninski_vestnikkategorijadela_leta_1907kategorijaobvestila
dunaj,dunaj
dusan,dusan
edinostkategorijadela_leta_1890kategorijakratka_proza,edinostkategorijadela_leta_1890kategorijakratka_proza
edinostkategorijakratka_proza,edinostkategorijakratka_proza
ekspresionizem,ekspresionizem
ekumenski_koncili,ekumenski_koncili
elegije,elegije
enakopravnost,enakopravnost
engadin,engadin
enodejanke,enodejanke
erotika,erotika
eseji,eseji
estetika,estetika
etnologija,etnologija
evtanazija,evtanazija
feljtonski_romani,feljtonski_romani
ferdinand_i_habsburskolotarinski,ferdinand_i_habsburskolotarinski
fizika,fizika
fk,fk
folklorna_povest,folklorna_povest
fran_drenikkategorijazgodovinakategorijadela_leta_1922kategorijakratka_proza,fran_drenikkategorijazgodovinakategorijadela_leta_1922kategorijakratka_proza
fran_milcinskikategorijadelad,fran_milcinskikategorijadelad
fran_milcinskikategorijadelak,fran_milcinskikategorijadelak
fran_milcinskikategorijadelam,fran_milcinskikategorijadelam
fran_milcinskikategorijadelan,fran_milcinskikategorijadelan
fran_milcinskikategorijadelap,fran_milcinskikategorijadelap
fran_milcinskikategorijadelas,fran_milcinskikategorijadelas
fran_milcinskikategorijadelav,fran_milcinskikategorijadelav
fran_milcinskikategorijadelaz,fran_milcinskikategorijadelaz
franc_jozef_i_habsburskolotarinski,franc_jozef_i_habsburskolotarinski
franc_pintaricsvaba,franc_pintaricsvaba
francoski_avtorji,francoski_avtorji
franic,franic
franja_tavcarkategorijaplaninski_vestnikkategorijadela_leta_1907kategorijapredpustna_veselicakategorijaplaninski_ples,franja_tavcarkategorijaplaninski_vestnikkategorijadela_leta_1907kategorijapredpustna_veselicakategorijaplaninski_ples
fric,fric
fronta,fronta
g_sc,g_sc
garniske_skale,garniske_skale
gartnerkofel,gartnerkofel
genologija,genologija
geografija,geografija
glasnik_slovenski,glasnik_slovenski
gledalisce,gledalisce
golica,golica
gore,gore
gore_v_sloveniji,gore_v_sloveniji
gorenjec,gorenjec
gorenjska,gorenjska
gorenjski_glas,gorenjski_glas
gorica,gorica
goriska_brda,goriska_brda
goriska_matica,goriska_matica
gorska_oprema,gorska_oprema
gostilna,gostilna
govori,govori
gradnik,gradnik
grafomanije,grafomanije
grmadakategorijaplaninski_vestnik,grmadakategorijaplaninski_vestnik
grobni_napisi,grobni_napisi
grski_avtorji,grski_avtorji
grski_duhovniki,grski_duhovniki
gskategorijaslovenski_narodkategorijadela_leta_1901kategorijav_javni_lastipo_rusiji,gskategorijaslovenski_narodkategorijadela_leta_1901kategorijav_javni_lastipo_rusiji
gustav_pflegermoravsky,gustav_pflegermoravsky
hajdamak,hajdamak
himne,himne
hrvaski_avtorji,hrvaski_avtorji
hrvaski_duhovniki,hrvaski_duhovniki
hudi_grad,hudi_grad
humor,humor
humoreska,humoreska
humoreske,humoreske
i,i
idile,idile
idrija,idrija
ignac,ignac
igo_grudenkategorijadela_leta_1921kategorijaedinostkategorijapoezija,igo_grudenkategorijadela_leta_1921kategorijaedinostkategorijapoezija
igor,igor
igra_s_petjem,igra_s_petjem
ij,ij
industrija,industrija
is,is
ischl,ischl
islam,islam
istra,istra
italijanski_avtorji,italijanski_avtorji
italijanski_duhovniki,italijanski_duhovniki
ivan_cankarkategorijadela_leta_1897kategorijaslovenski_narodkategorijakratka_proza,ivan_cankarkategorijadela_leta_1897kategorijaslovenski_narodkategorijakratka_proza
ivan_cankarkategorijaslovenski_narodkategorijadela_leta_1898kategorijakratka_proza,ivan_cankarkategorijaslovenski_narodkategorijadela_leta_1898kategorijakratka_proza
ivan_cankarkategorijaslovenski_narodkategorijadela_leta_1900kategorijakratka_proza,ivan_cankarkategorijaslovenski_narodkategorijadela_leta_1900kategorijakratka_proza
ivan_cankarkategorijaslovenski_narodkategorijakratka_proza,ivan_cankarkategorijaslovenski_narodkategorijakratka_proza
ivo_brncickategorijaknjizevnost,ivo_brncickategorijaknjizevnost
ivo_sameckategorijaedinostkategorijadela_leta_1910kategorijakratka_proza,ivo_sameckategorijaedinostkategorijadela_leta_1910kategorijakratka_proza
ivo_trostkategorijaedinostkategorijadela_leta_1885kategorijakratka_proza,ivo_trostkategorijaedinostkategorijadela_leta_1885kategorijakratka_proza
ivo_trostkategorijaedinostkategorijadela_leta_1889kategorijakratka_proza,ivo_trostkategorijaedinostkategorijadela_leta_1889kategorijakratka_proza
ivo_trostkategorijaedinostkategorijadela_leta_1890kategorijakratka_proza,ivo_trostkategorijaedinostkategorijadela_leta_1890kategorijakratka_proza
izdajalstvo,izdajalstvo
izraelski_avtorji,izraelski_avtorji
izraelski_duhovniki,izraelski_duhovniki
izseljenske_povesti,izseljenske_povesti
izvir,izvir
j_jacquin_mj,j_jacquin_mj
j_volkovkategorijaedinostkategorijadela_leta_1886kategorijakratka_proza,j_volkovkategorijaedinostkategorijadela_leta_1886kategorijakratka_proza
jalovec,jalovec
jalta,jalta
jame,jame
janko_kersnikkategorijakratka_prozakategorijadela_leta_1923kategorijaprosveta,janko_kersnikkategorijakratka_prozakategorijadela_leta_1923kategorijaprosveta
jarc,jarc
jastrebovic,jastrebovic
javna_last,javna_last
javornik,javornik
jeanfrancois_bayard,jeanfrancois_bayard
jerisa,jerisa
jezikoslovje,jezikoslovje
joc,joc
josip_stritarkategorijapoezijakategorijadela_leta_1874kategorijaslovenec,josip_stritarkategorijapoezijakategorijadela_leta_1874kategorijaslovenec
josipina_urbancic_turnograjska,josipina_urbancic_turnograjska
josipkostanjevec,josipkostanjevec
jozef_ii_habsburskolotarinski,jozef_ii_habsburskolotarinski
jubilejni_clanki,jubilejni_clanki
jules_de_premaray,jules_de_premaray
juskozak,juskozak
kadilnikova_koca,kadilnikova_koca
kajenje,kajenje
kajscek,kajscek
kamniska_koca,kamniska_koca
kamnisko_sedlo,kamnisko_sedlo
kapela_marije_snezne,kapela_marije_snezne
karel_chodounsky_ml,karel_chodounsky_ml
karel_destovnik_kajuh,karel_destovnik_kajuh
karl_johann_ritter_von_braunthal_braun,karl_johann_ritter_von_braunthal_braun
katekizem,katekizem
katul,katul
kazala,kazala
kekec,kekec
kette,kette
ki_so_znani_pod_psevdonimom,ki_so_znani_pod_psevdonimom
klinar,klinar
kmecki_upori,kmecki_upori
kmetijski_list,kmetijski_list
kmetijstvo,kmetijstvo
knjige,knjige
knjizne_zbirke,knjizne_zbirke
koledarji,koledarji
kolesarstvo,kolesarstvo
koln,koln
kolportazni_romani,kolportazni_romani
komedija,komedija
komedije,komedije
komna,komna
komunizem,komunizem
koncilski_odloki,koncilski_odloki
koroska_knjizevnost,koroska_knjizevnost
kraji_v_sloveniji,kraji_v_sloveniji
kratka_proza,kratka_proza
kratka_prozakategorijadela_leta_1899kategorijazofka_kvederkategorijaedinost,kratka_prozakategorijadela_leta_1899kategorijazofka_kvederkategorijaedinost
kratka_prozakategorijadela_leta_1900kategorijazofka_kvederkategorijaedinost,kratka_prozakategorijadela_leta_1900kategorijazofka_kvederkategorijaedinost
kratka_sodobna_pravljica,kratka_sodobna_pravljica
kratka_zgodba,kratka_zgodba
kratke_slovenske_sodobne_pravljice,kratke_slovenske_sodobne_pravljice
kratke_sodobne_pravljice,kratke_sodobne_pravljice
kredarica,kredarica
krim,krim
kriminalni_romani,kriminalni_romani
kriska_gora,kriska_gora
kritike,kritike
krn,krn
krnica,krnica
krniske_skale,krniske_skale
kronika,kronika
kropa,kropa
krscanstvo,krscanstvo
kuga,kuga
lajos,lajos
lambertthiboust,lambertthiboust
legendarne_pesmi,legendarne_pesmi
leposlovje,leposlovje
letaki,letaki
letopis_matice_slovenske,letopis_matice_slovenske
letopis_slovenske_matice,letopis_slovenske_matice
levin,levin
lisca,lisca
listek,listek
listi,listi
literarna_pratika,literarna_pratika
literarna_teorija,literarna_teorija
literarna_zgodovina,literarna_zgodovina
literarne_kritike,literarne_kritike
literarne_nagrade,literarne_nagrade
literarni_liki,literarni_liki
literarni_programi,literarni_programi
literat,literat
literatura_o_beguncih,literatura_o_beguncih
litijan,litijan
liturgija,liturgija
livski,livski
ljubelj,ljubelj
ljubezenska_povest,ljubezenska_povest
ljubezenska_tematika,ljubezenska_tematika
ljubezenski_romani,ljubezenski_romani
ljubljanski,ljubljanski
ljubljanski_casnik,ljubljanski_casnik
ljudska_povest,ljudska_povest
ljudske_igre,ljudske_igre
ljudske_pravljice,ljudske_pravljice
ljudske_pripovedi,ljudske_pripovedi
ljudsko_besedilo,ljudsko_besedilo
ljudsko_slovstvo,ljudsko_slovstvo
loski_razgledi,loski_razgledi
louisbenoit_picard,louisbenoit_picard
lovske_povesti,lovske_povesti
lutkovna_igra,lutkovna_igra
m_j_gorenjka,m_j_gorenjka
malkontent,malkontent
manifesti,manifesti
marijana_zeljeznovakokalj,marijana_zeljeznovakokalj
mario_de_andrade,mario_de_andrade
mascevanje,mascevanje
matajur,matajur
meteorologija,meteorologija
metrika,metrika
michal_balucki,michal_balucki
milanov,milanov
miranov,miranov
mladinska_dela,mladinska_dela
mladinska_knjiga,mladinska_knjiga
mladinska_knjizevnost,mladinska_knjizevnost
mladinska_poezija,mladinska_poezija
mladinska_prozav,mladinska_prozav
mladinska_revija,mladinska_revija
mladinske_pripovedi,mladinske_pripovedi
moderna,moderna
mohorjeva_druzba,mohorjeva_druzba
montaz,montaz
muceniki,muceniki
n,n
nabozna_besedila,nabozna_besedila
nacionalna_tematika,nacionalna_tematika
nagrobni_napisi,nagrobni_napisi
namecek_nemskih_in_ponemcenih_poezij,namecek_nemskih_in_ponemcenih_poezij
naravoslovje,naravoslovje
narecja,narecja
narecna_besedila,narecna_besedila
narodna_nosa,narodna_nosa
narodni_dnevnik,narodni_dnevnik
narodni_obicaji,narodni_obicaji
nasa_zalozba,nasa_zalozba
nasredin_hodza,nasredin_hodza
naturalizem,naturalizem
nedokoncana_besedila,nedokoncana_besedila
nekrologi,nekrologi
nemirovic,nemirovic
nemska_knjizevnost,nemska_knjizevnost
nemski_avtorji,nemski_avtorji
nemski_duhovniki,nemski_duhovniki
nepotrjenanepregledanaproblematicna_besedila,nepotrjenanepregledanaproblematicna_besedila
nezbrane_balade_in_romance,nezbrane_balade_in_romance
nezbrane_lirske_pesmi,nezbrane_lirske_pesmi
nezbrane_nemske_pesmi,nezbrane_nemske_pesmi
nezbrani_napisi,nezbrani_napisi
nezbrani_zapisi,nezbrani_zapisi
nezbrano_delo_franceta_preserna,nezbrano_delo_franceta_preserna
neznan_avtorkategorijakratka_prozakategorijadela_leta_1875kategorijaslovenec,neznan_avtorkategorijakratka_prozakategorijadela_leta_1875kategorijaslovenec
nizozemski_avtorji,nizozemski_avtorji
nob,nob
norveski_avtorji,norveski_avtorji
note,note
notno_gradivo,notno_gradivo
novi_svet,novi_svet
novice,novice
novy,novy
obir,obir
objavljenje_nezbrane_pesmi,objavljenje_nezbrane_pesmi
objavljeno_s_pisnim_dovoljenjem,objavljeno_s_pisnim_dovoljenjem
obrezija,obrezija
ocene,ocene
odlomki,odlomki
okreselj,okreselj
olseva,olseva
operete,operete
organizacija_zdruzenih_narodov,organizacija_zdruzenih_narodov
ortografija,ortografija
osbnoizpovedne_pesmi,osbnoizpovedne_pesmi
osebno_izpovedne_pesmi,osebno_izpovedne_pesmi
osebnoizpovedna_poezija,osebnoizpovedna_poezija
osebnoizpovedne_pesmi,osebnoizpovedne_pesmi
otvoritev,otvoritev
pamfleti,pamfleti
papeske_bule,papeske_bule
papeske_okroznice,papeske_okroznice
papezi,papezi
parabola,parabola
parodije,parodije
partiture,partiture
partizanska_knjizevnost,partizanska_knjizevnost
partizanski_romani,partizanski_romani
pedagogika,pedagogika
peleasa,peleasa
penati,penati
pesmi_z_akrostihom,pesmi_z_akrostihom
pesmi_za_otroke,pesmi_za_otroke
pesmi_za_otrooke,pesmi_za_otrooke
pesmisalamun,pesmisalamun
pesmisalamun9,pesmisalamun9
pesniske_zbirke,pesniske_zbirke
pevsko_drustvo_lira,pevsko_drustvo_lira
piratske_povesti,piratske_povesti
pisma_svetega_hieronima,pisma_svetega_hieronima
pivcan,pivcan
plamen,plamen
planinar,planinar
planine_v_julijskih_alpah,planine_v_julijskih_alpah
planinska_koca,planinska_koca
planinska_povest,planinska_povest
planinske_kocekategorija_planinska_zavetja,planinske_kocekategorija_planinska_zavetja
planinske_poti,planinske_poti
planinski_dom,planinski_dom
planinski_vestnikkategorija_dela_leta_1898kategorija_a_zankl,planinski_vestnikkategorija_dela_leta_1898kategorija_a_zankl
planinski_vestnikkategorija_dela_leta_1898kategorijatriglavkategorija_potopisi,planinski_vestnikkategorija_dela_leta_1898kategorijatriglavkategorija_potopisi
planinski_vestnikkategorija_j_mandeljkategorijadela_leta_1897kategorijameteorologija,planinski_vestnikkategorija_j_mandeljkategorijadela_leta_1897kategorijameteorologija
planinski_vestnikkategorijadela_leta_1895kategorijapoezija,planinski_vestnikkategorijadela_leta_1895kategorijapoezija
planinski_vestnikkategorijadela_leta_1895kategorijapotopisi,planinski_vestnikkategorijadela_leta_1895kategorijapotopisi
planinski_vestnikkategorijadela_leta_1896kategorijakeber,planinski_vestnikkategorijadela_leta_1896kategorijakeber
planinski_vestnikkategorijadela_leta_1897kategorijaplaninekategorijapoezija,planinski_vestnikkategorijadela_leta_1897kategorijaplaninekategorijapoezija
planinski_vestnikkategorijadela_leta_1897kategorijapotopisikategorijaturekategorijacilkategorijapfandelkategorijaberchtesgadenkategorijasalzburgkategorijagasteinkategorijamallnitz,planinski_vestnikkategorijadela_leta_1897kategorijapotopisikategorijaturekategorijacilkategorijapfandelkategorijaberchtesgadenkategorijasalzburgkategorijagasteinkategorijamallnitz
planinski_vestnikkategorijadela_leta_1897kategorijapoziv_glede_uredbe_potresnega_opazovanja_na_kranjskem,planinski_vestnikkategorijadela_leta_1897kategorijapoziv_glede_uredbe_potresnega_opazovanja_na_kranjskem
planinski_vestnikkategorijadela_leta_1905kategorijakratka_prozakategorija_potopisikategorija_radivoj_peterlin,planinski_vestnikkategorijadela_leta_1905kategorijakratka_prozakategorija_potopisikategorija_radivoj_peterlin
planinski_vestnikkategorijafran_orozenkategorijadela_leta_1897kategorijaplaninski_dom,planinski_vestnikkategorijafran_orozenkategorijadela_leta_1897kategorijaplaninski_dom
planinski_vestnikkategorijaivan_engelsbergerkategorijadela_leta_1896kategorijaojstrica,planinski_vestnikkategorijaivan_engelsbergerkategorijadela_leta_1896kategorijaojstrica
planinski_vestnikkategorijaivan_kruleckategorijadela_leta_1896kategorijagolica,planinski_vestnikkategorijaivan_kruleckategorijadela_leta_1896kategorijagolica
planinski_vestnikkategorijam_pirnatkategorijadela_leta_1904kategorijaivan_lampet,planinski_vestnikkategorijam_pirnatkategorijadela_leta_1904kategorijaivan_lampet
planinski_vestnikkategorijapotopisikategorijaljudevit_stiasny,planinski_vestnikkategorijapotopisikategorijaljudevit_stiasny
planinstvo,planinstvo
planja,planja
planjavski,planjavski
plesi,plesi
podlistek,podlistek
podlistki,podlistki
podlistkikategorijaplaninski_vestnikkategorijadela_leta_1907kategorijaanton_svigelj,podlistkikategorijaplaninski_vestnikkategorijadela_leta_1907kategorijaanton_svigelj
podlistkikategorijaplaninski_vestnikkategorijadela_leta_1907kategorijapotopisi,podlistkikategorijaplaninski_vestnikkategorijadela_leta_1907kategorijapotopisi
podlistkikategorijaslovenski_narodkategorijadela_leta_1903kategorijakratka_prozakategorijadelas,podlistkikategorijaslovenski_narodkategorijadela_leta_1903kategorijakratka_prozakategorijadelas
podlistkikategorijaslovenski_narodkategorijadela_leta_1904kategorijakratka_proza,podlistkikategorijaslovenski_narodkategorijadela_leta_1904kategorijakratka_proza
podlistkikategorijaslovenski_narodkategorijadela_leta_1905kategorijaana_fabijan,podlistkikategorijaslovenski_narodkategorijadela_leta_1905kategorijaana_fabijan
podlistkikategorijaslovenski_narodkategorijadela_leta_1905kategorijakratka_proza,podlistkikategorijaslovenski_narodkategorijadela_leta_1905kategorijakratka_proza
podlistkikategorijaslovenski_narodkategorijadela_leta_1905kategorijakratka_prozakategorijaa_zagar,podlistkikategorijaslovenski_narodkategorijadela_leta_1905kategorijakratka_prozakategorijaa_zagar
podlistkikategorijaslovenski_narodkategorijadela_leta_1905kategorijakratka_prozakategorijaana_fabijan,podlistkikategorijaslovenski_narodkategorijadela_leta_1905kategorijakratka_prozakategorijaana_fabijan
podlistkikategorijaslovenski_narodkategorijadela_leta_1905kategorijakratka_prozakategorijafran_josip_knaflic,podlistkikategorijaslovenski_narodkategorijadela_leta_1905kategorijakratka_prozakategorijafran_josip_knaflic
podlistkikategorijaslovenski_narodkategorijadela_leta_1905kategorijakratka_prozakategorijazofka_kveder,podlistkikategorijaslovenski_narodkategorijadela_leta_1905kategorijakratka_prozakategorijazofka_kveder
podlistkikategorijaslovenski_narodkategorijadela_leta_1906kategorijacvetko_golar,podlistkikategorijaslovenski_narodkategorijadela_leta_1906kategorijacvetko_golar
podlistkikategorijaslovenski_narodkategorijadela_leta_1906kategorijakratka_proza,podlistkikategorijaslovenski_narodkategorijadela_leta_1906kategorijakratka_proza
podlistkikategorijaslovenski_narodkategorijadela_leta_1906kategorijarado_murnik,podlistkikategorijaslovenski_narodkategorijadela_leta_1906kategorijarado_murnik
poetika,poetika
poezija_v_prozi,poezija_v_prozi
poezija_z_otroke,poezija_z_otroke
poezija_za_malcke,poezija_za_malcke
poezija_za_mladino,poezija_za_mladino
poezija_za_otroke,poezija_za_otroke
poezije_3,poezije_3
poezije_za_otroke,poezije_za_otroke
pohodnistvo,pohodnistvo
pohorje,pohorje
pojoca_kri,pojoca_kri
pokrajinska_povest,pokrajinska_povest
pokrajinske_povesti,pokrajinske_povesti
politicna_satira,politicna_satira
politicni_romani,politicni_romani
politika,politika
poljski_avtorji,poljski_avtorji
poljski_duhovniki,poljski_duhovniki
pomladni_glasi,pomladni_glasi
pompeji,pompeji
ponatisi,ponatisi
popularne_povesti,popularne_povesti
porezen,porezen
postmodernizem,postmodernizem
postojnska_jama,postojnska_jama
potopisci,potopisci
potopisikategorijaplitvicka_jezera,potopisikategorijaplitvicka_jezera
potopisna_novela,potopisna_novela
potovanje,potovanje
povedke,povedke
povest_iz_kmetskega_zivljenja,povest_iz_kmetskega_zivljenja
pravo,pravo
pravopis,pravopis
predgovori,predgovori
prekmurje,prekmurje
prevajanje,prevajanje
prevodi,prevodi
pridige,pridige
priimki,priimki
prilike_in_povesti,prilike_in_povesti
priredbe,priredbe
prirocniki,prirocniki
privaten_tisk,privaten_tisk
promet,promet
propagandne_brosure,propagandne_brosure
prostoslav,prostoslav
prostozidarstvo,prostozidarstvo
protestantizem,protestantizem
proza_z_otroke,proza_z_otroke
proza_za_mladino,proza_za_mladino
proza_za_odrasle,proza_za_odrasle
proza_za_otroke,proza_za_otroke
prunkutva,prunkutva
prva_svetovna_vojna,prva_svetovna_vojna
psevdonimi,psevdonimi
psihoanaliza,psihoanaliza
ptuj,ptuj
ptujski_tednik,ptujski_tednik
pustne_prireditve,pustne_prireditve
pustovscina,pustovscina
radece,radece
radovljica,radovljica
ratece,ratece
razlicni_napisi,razlicni_napisi
razsvetljenstvo,razsvetljenstvo
realizem_na_slovenskem,realizem_na_slovenskem
recenzije,recenzije
referati,referati
republika_slovenija,republika_slovenija
revija,revija
rimski_katolik,rimski_katolik
rodica,rodica
rokopisi,rokopisi
romance,romance
rombon,rombon
roparska_povest,roparska_povest
rusija,rusija
ruski_avtorji,ruski_avtorji
rusticus,rusticus
s_semenovic,s_semenovic
salamun,salamun
sale,sale
samuraji,samuraji
satira,satira
savinja,savinja
savinjka,savinjka
sevastopol,sevastopol
seznami,seznami
sigbjorn_obstfelder,sigbjorn_obstfelder
simferopol,simferopol
skrlatica,skrlatica
slavistika,slavistika
slikanice,slikanice
slomsekove_basni,slomsekove_basni
slomskovo_berilo,slomskovo_berilo
slovencev_koledar,slovencev_koledar
slovenija,slovenija
slovenistika,slovenistika
slovenka_1919,slovenka_1919
slovenska_dramatika,slovenska_dramatika
slovenska_knizevnost,slovenska_knizevnost
slovenska_knjizevnost,slovenska_knjizevnost
slovenska_knjizevost,slovenska_knjizevost
slovenska_leposlovna_besedila,slovenska_leposlovna_besedila
slovenska_matica,slovenska_matica
slovenska_mladinska_leposlovna_besedila,slovenska_mladinska_leposlovna_besedila
slovenska_poezija,slovenska_poezija
slovenske_kratke_pravljice,slovenske_kratke_pravljice
slovenske_ljudske_pesmi,slovenske_ljudske_pesmi
slovenske_ljudske_pravljice,slovenske_ljudske_pravljice
slovenske_pravljice,slovenske_pravljice
slovenske_vecrnice,slovenske_vecrnice
slovenske_zbirke,slovenske_zbirke
slovenski_avtorji,slovenski_avtorji
slovenski_duhovniki,slovenski_duhovniki
slovenski_ilustrovani_tednik,slovenski_ilustrovani_tednik
slovenski_izseljenci,slovenski_izseljenci
slovenski_list,slovenski_list
slovenski_narod,slovenski_narod
slovenski_narodkategorijapodlistkikategorijadela_leta_1903kategorijadrame,slovenski_narodkategorijapodlistkikategorijadela_leta_1903kategorijadrame
slovenski_pesniki,slovenski_pesniki
slovenski_pravnik,slovenski_pravnik
slovenski_romani,slovenski_romani
slovensko_planinsko_drustvo,slovensko_planinsko_drustvo
slovensko_razsvetljenstvo,slovensko_razsvetljenstvo
slovnica,slovnica
slovnice,slovnice
sneznik,sneznik
socialna_tematika,socialna_tematika
sodobnost,sodobnost
sokoli,sokoli
solstvo,solstvo
sonja,sonja
sovjetska_zveza,sovjetska_zveza
srbski_avtorji,srbski_avtorji
srednje_dolga_proza,srednje_dolga_proza
stajerc,stajerc
storije_iz_gornjegrajskega_okraja,storije_iz_gornjegrajskega_okraja
strip,strip
strninski,strninski
sv_ciril_in_metod,sv_ciril_in_metod
svedski_avtorji,svedski_avtorji
taboriscna_poezija,taboriscna_poezija
teatrologija,teatrologija
tehnika,tehnika
telovadba,telovadba
tema,tema
tilka_lamprehtdusica,tilka_lamprehtdusica
tine_debeljak,tine_debeljak
tonine_pesmi,tonine_pesmi
tragedije,tragedije
tragikomedije,tragikomedije
travestije,travestije
trdina,trdina
trenta,trenta
trentakategorijaplaninski_vestnikkategorijadela_leta_1907kategorijazgodovina_trente,trentakategorijaplaninski_vestnikkategorijadela_leta_1907kategorijazgodovina_trente
trioleti,trioleti
trnovska_planota,trnovska_planota
trnovski,trnovski
trst,trst
trzic,trzic
turizem,turizem
turske_povesti,turske_povesti
ucbeniki,ucbeniki
ucka,ucka
uganke_za_otroke,uganke_za_otroke
umrli_leta_1923,umrli_leta_1923
univerza,univerza
upor,upor
utopija,utopija
v_islandscini,v_islandscini
v_javni_lasti,v_javni_lasti
v_javni_lastikategorija_france_preseren,v_javni_lastikategorija_france_preseren
v_javni_lastikategorijadelavkategorijapodlistkikategorijaslovenski_narodkategorijapripovedna_proza,v_javni_lastikategorijadelavkategorijapodlistkikategorijaslovenski_narodkategorijapripovedna_proza
v_slovenscini,v_slovenscini
vaje,vaje
vaske_povesti,vaske_povesti
vecerniska_povest,vecerniska_povest
velika_vojna,velika_vojna
veliki_vrh,veliki_vrh
verzologija,verzologija
vezuv,vezuv
vici,vici
victor_von_b,victor_von_b
vigredkategorijakratka_proza,vigredkategorijakratka_proza
vipavec,vipavec
vipavska_dolina,vipavska_dolina
vk,vk
vohunski_romani,vohunski_romani
vojna_tematika,vojna_tematika
volce,volce
vrata,vrata
vrtec,vrtec
zabavljivi_napisi,zabavljivi_napisi
zadrugar,zadrugar
zakoni,zakoni
zaloigra,zaloigra
zbirka,zbirka
zbirka_slovenskih_leposlovnih_besedil,zbirka_slovenskih_leposlovnih_besedil
zbirka_slovenskih_mladinskih_leposlovnih_besedil,zbirka_slovenskih_mladinskih_leposlovnih_besedil
zbirka_slovenskih_mladinskih_leposlovnih_besedilkategorijaseznam_slovenskih_mladinskih_pisateljev_in_knjizevnih_besedil,zbirka_slovenskih_mladinskih_leposlovnih_besedilkategorijaseznam_slovenskih_mladinskih_pisateljev_in_knjizevnih_besedil
zbirke,zbirke
zbornik_matice_slovenske,zbornik_matice_slovenske
zborovska_glasba,zborovska_glasba
zbrana_dela_slovenskih_pesnikov_in_pisateljev,zbrana_dela_slovenskih_pesnikov_in_pisateljev
zbrano_delo_ii,zbrano_delo_ii
zda,zda
zdravstvo,zdravstvo
zdruzene_drzave_amerike,zdruzene_drzave_amerike
zenska_literatura,zenska_literatura
zenski_casopisi,zenski_casopisi
zenski_roman,zenski_roman
zgibanka,zgibanka
zgodnja_danica,zgodnja_danica
zgodovina,zgodovina
zgodovinska_povest,zgodovinska_povest
zgodovinske_novele,zgodovinske_novele
zgodovinske_povesti,zgodovinske_povesti
zgodovinski_roman,zgodovinski_roman
zgodovinski_romani,zgodovinski_romani
ziri,ziri
znacajevka,znacajevka
znanstvena_fantastika,znanstvena_fantastika
zofka_kvederkategorija_slovenski_narodkategorija_podlistki,zofka_kvederkategorija_slovenski_narodkategorija_podlistki
zofka_kvederkategorijadela_leta_1899kategorijakratka_prozakategorijaedinost,zofka_kvederkategorijadela_leta_1899kategorijakratka_prozakategorijaedinost
zofka_kvederkategorijakratka_prozakategorijadela_leta_1901kategorijaedinost,zofka_kvederkategorijakratka_prozakategorijadela_leta_1901kategorijaedinost
zois,zois
