18_stoletje,category,18 stoletje
19_stoletje,category,19 stoletje
20_stoletje,category,20 stoletje
a_semrajc,category,a semrajc
a_zagar,category,a zagar
a_zankl,category,a zankl
ada_negri,category,ada negri
ada_skerl,category,ada skerl
adam_mickiewicz,category,adam mickiewicz
adam_zima,category,adam zima
adolphe_jaime,category,adolphe jaime
agustin_moreto_y_cavana,category,agustin moreto y cavana
ahacij_strzinar,category,ahacij strzinar
aksinja_kermauner,category,aksinja kermauner
aleksander_sergejevic_puskin,category,aleksander sergejevic puskin
aleksandra_pinteric,category,aleksandra pinteric
alenka_zumbar_klopcic,category,alenka zumbar klopcic
aljazev_stolp,category,aljazev stolp
alojz_knafelc,category,alojz knafelc
alojzij_ambrozic,category,alojzij ambrozic
alojzij_carli,category,alojzij carli
alojzij_kokalj,category,alojzij kokalj
alojzij_merhar,category,alojzij merhar
alojzij_peterlin,category,alojzij peterlin
alojzij_remec,category,alojzij remec
alojzij_stroj,category,alojzij stroj
alphonse_daudet,category,alphonse daudet
amerikanski_slovenec,category,amerikanski slovenec
ana_fabijan,category,ana fabijan
ana_fabijan_sonja,category,ana fabijan sonja
ana_lebar,category,ana lebar
ana_wambrechtsamer,category,ana wambrechtsamer
andreas_hofer,category,andreas hofer
andrej_cizl,category,andrej cizl
andrej_einspieler,category,andrej einspieler
andrej_gollmayr,category,andrej gollmayr
andrej_gutman,category,andrej gutman
andrej_perne,category,andrej perne
andrej_rozman_roza,category,andrej rozman roza
andreja_borin,category,andreja borin
andreja_vukmir,category,andreja vukmir
anica_cernej,category,anica cernej
anonimno,category,anonimno
anton_aleksander_auersperg,category,anton aleksander auersperg
anton_askerc,category,anton askerc
anton_brezovnik,category,anton brezovnik
anton_danilo,category,anton danilo
anton_janezic,category,anton janezic
anton_koder,category,anton koder
anton_kos,category,anton kos
anton_krempl,category,anton krempl
anton_krzic,category,anton krzic
anton_leskovec,category,anton leskovec
anton_mahnic,category,anton mahnic
anton_martin_slomsek,category,anton martin slomsek
anton_medved,category,anton medved
anton_medved_1862,category,anton medved 1862
anton_murko,category,anton murko
anton_novacan,category,anton novacan
anton_ocvirk,category,anton ocvirk
anton_pavlovic_cehov,category,anton pavlovic cehov
anton_strazar,category,anton strazar
anton_svigelj,category,anton svigelj
anton_tomaz_linhart,category,anton tomaz linhart
anton_zakelj,category,anton zakelj
anton_zlogar,category,anton zlogar
antonin_chraska,category,antonin chraska
arkadij_timofejevic_avercenko,category,arkadij timofejevic avercenko
august_senoa,category,august senoa
avgust_zavbi,category,avgust zavbi
avtomaticni_predlogi_za_brisanje,category,avtomaticni predlogi za brisanje
avtorji_a,category,avtorji a
avtorji_b,category,avtorji b
avtorji_brez_clanka_v_conorju,category,avtorji brez clanka v conorju
avtorji_brez_clanka_v_slovenski_biografiji,category,avtorji brez clanka v slovenski biografiji
avtorji_brez_clanka_v_wikipediji,category,avtorji brez clanka v wikipediji
avtorji_brez_datuma_rojstva,category,avtorji brez datuma rojstva
avtorji_brez_datuma_smrti,category,avtorji brez datuma smrti
avtorji_brez_del,category,avtorji brez del
avtorji_brez_letnic,category,avtorji brez letnic
avtorji_brez_opisa,category,avtorji brez opisa
avtorji_c,category,avtorji c
avtorji_d,category,avtorji d
avtorji_e,category,avtorji e
avtorji_f,category,avtorji f
avtorji_g,category,avtorji g
avtorji_h,category,avtorji h
avtorji_i,category,avtorji i
avtorji_j,category,avtorji j
avtorji_k,category,avtorji k
avtorji_ki_so_znani_pod_psevdonimom,category,avtorji ki so znani pod psevdonimom
avtorji_l,category,avtorji l
avtorji_m,category,avtorji m
avtorji_moski,category,avtorji moski
avtorji_n,category,avtorji n
avtorji_o,category,avtorji o
avtorji_p,category,avtorji p
avtorji_r,category,avtorji r
avtorji_s,category,avtorji s
avtorji_stari_103_leta,category,avtorji stari 103 leta
avtorji_stari_19_let,category,avtorji stari 19 let
avtorji_stari_20_let,category,avtorji stari 20 let
avtorji_stari_30_let,category,avtorji stari 30 let
avtorji_stari_31_let,category,avtorji stari 31 let
avtorji_stari_32_let,category,avtorji stari 32 let
avtorji_stari_33_let,category,avtorji stari 33 let
avtorji_stari_34_let,category,avtorji stari 34 let
avtorji_stari_35_let,category,avtorji stari 35 let
avtorji_stari_36_let,category,avtorji stari 36 let
avtorji_stari_37_let,category,avtorji stari 37 let
avtorji_stari_38_let,category,avtorji stari 38 let
avtorji_stari_39_let,category,avtorji stari 39 let
avtorji_stari_40_let,category,avtorji stari 40 let
avtorji_stari_41_let,category,avtorji stari 41 let
avtorji_stari_42_let,category,avtorji stari 42 let
avtorji_stari_43_let,category,avtorji stari 43 let
avtorji_stari_44_let,category,avtorji stari 44 let
avtorji_stari_45_let,category,avtorji stari 45 let
avtorji_stari_46_let,category,avtorji stari 46 let
avtorji_stari_47_let,category,avtorji stari 47 let
avtorji_stari_48_let,category,avtorji stari 48 let
avtorji_stari_49_let,category,avtorji stari 49 let
avtorji_stari_50_let,category,avtorji stari 50 let
avtorji_stari_51_let,category,avtorji stari 51 let
avtorji_stari_52_let,category,avtorji stari 52 let
avtorji_stari_53_let,category,avtorji stari 53 let
avtorji_stari_54_let,category,avtorji stari 54 let
avtorji_stari_55_let,category,avtorji stari 55 let
avtorji_stari_56_let,category,avtorji stari 56 let
avtorji_stari_57_let,category,avtorji stari 57 let
avtorji_stari_58_let,category,avtorji stari 58 let
avtorji_stari_59_let,category,avtorji stari 59 let
avtorji_stari_60_let,category,avtorji stari 60 let
avtorji_stari_61_let,category,avtorji stari 61 let
avtorji_stari_62_let,category,avtorji stari 62 let
avtorji_stari_63_let,category,avtorji stari 63 let
avtorji_stari_64_let,category,avtorji stari 64 let
avtorji_stari_65_let,category,avtorji stari 65 let
avtorji_stari_66_let,category,avtorji stari 66 let
avtorji_stari_67_let,category,avtorji stari 67 let
avtorji_stari_68_let,category,avtorji stari 68 let
avtorji_stari_69_let,category,avtorji stari 69 let
avtorji_stari_70_let,category,avtorji stari 70 let
avtorji_stari_71_let,category,avtorji stari 71 let
avtorji_stari_72_let,category,avtorji stari 72 let
avtorji_stari_73_let,category,avtorji stari 73 let
avtorji_stari_74_let,category,avtorji stari 74 let
avtorji_stari_75_let,category,avtorji stari 75 let
avtorji_stari_76_let,category,avtorji stari 76 let
avtorji_stari_77_let,category,avtorji stari 77 let
avtorji_stari_78_let,category,avtorji stari 78 let
avtorji_stari_79_let,category,avtorji stari 79 let
avtorji_stari_80_let,category,avtorji stari 80 let
avtorji_stari_81_let,category,avtorji stari 81 let
avtorji_stari_82_let,category,avtorji stari 82 let
avtorji_stari_83_let,category,avtorji stari 83 let
avtorji_stari_84_let,category,avtorji stari 84 let
avtorji_stari_85_let,category,avtorji stari 85 let
avtorji_stari_86_let,category,avtorji stari 86 let
avtorji_stari_87_let,category,avtorji stari 87 let
avtorji_stari_88_let,category,avtorji stari 88 let
avtorji_stari_89_let,category,avtorji stari 89 let
avtorji_stari_90_let,category,avtorji stari 90 let
avtorji_stari_91_let,category,avtorji stari 91 let
avtorji_stari_92_let,category,avtorji stari 92 let
avtorji_stari_93_let,category,avtorji stari 93 let
avtorji_stari_94_let,category,avtorji stari 94 let
avtorji_stari_95_let,category,avtorji stari 95 let
avtorji_t,category,avtorji t
avtorji_u,category,avtorji u
avtorji_v,category,avtorji v
avtorji_w,category,avtorji w
avtorji_z,category,avtorji z
bajke,category,bajke
bajke_in_povesti_o_gorjancih,genre,bajke in povesti o gorjancih
balonckov_peter_v_prometu,category,balonckov peter v prometu
barbara_gregoric_gorenc,category,barbara gregoric gorenc
barbara_habic_pregl,category,barbara habic pregl
barbara_hanus,category,barbara hanus
bernard_spanheimski,category,bernard spanheimski
besedila_z_dliba,category,besedila z dliba
bilko_pomaga_cebelici_eli,category,bilko pomaga cebelici eli
biografije,category,biografije
blazeni,category,blazeni
bogomir_magajna,category,bogomir magajna
boris_a_novak,category,boris a novak
bozic,category,bozic
bozicne_zgodbe,category,bozicne zgodbe
bozidar_flegeric,category,bozidar flegeric
bozji_sluzabniki,category,bozji sluzabniki
branka_hubman,category,branka hubman
bratko_kreft,category,bratko kreft
bret_harte,category,bret harte
brez_lokalne_slike_in_brez_slike_v_wikipodatkih,category,brez lokalne slike in brez slike v wikipodatkih
brez_lokalne_slike_slika_je_v_wikipodatkih,category,brez lokalne slike slika je v wikipodatkih
brez_lokalnega_datuma_rojstva_in_brez_datuma_rojstva_v_wikipodatkih,category,brez lokalnega datuma rojstva in brez datuma rojstva v wikipodatkih
brizinski_spomeniki,category,brizinski spomeniki
brucovanja,category,brucovanja
casopisi,publication,casopisi
castitljivi_bozji_sluzabniki,category,castitljivi bozji sluzabniki
celje,category,celje
celovec,category,celovec
charles_dickens,category,charles dickens
charles_nodier,category,charles nodier
cikel_pesmi_deklicje_ljubezni,genre,cikel pesmi deklicje ljubezni
cilka_zagar,category,cilka zagar
ciril_jeglic,category,ciril jeglic
clanki,category,clanki
clanki_ki_cakajo_na_potrditev_dovoljenja_prek_otrs,category,clanki ki cakajo na potrditev dovoljenja prek otrs
clanki_s_hcards,category,clanki s hcards
clanki_v_izdelavi,category,clanki v izdelavi
clanki_z_redefiniranimi_elementi_iz_wikipodatkov,category,clanki z redefiniranimi elementi iz wikipodatkov
clevelandska_amerika,category,clevelandska amerika
clovek_in_noc_jarc,category,clovek in noc jarc
crtice,category,crtice
crtomir_sinkovec,category,crtomir sinkovec
cvetka_bevc,category,cvetka bevc
cvetka_sokolov,category,cvetka sokolov
cvetko_golar,category,cvetko golar
dana_kobler,category,dana kobler
dane_zajc,category,dane zajc
danica_elbl,category,danica elbl
danski_avtorji,category,danski avtorji
darinka_kobal,category,darinka kobal
davorin_petancic,category,davorin petancic
davorin_trstenjak,category,davorin trstenjak
dela_1,category,dela 1
dela_2,category,dela 2
dela_3,category,dela 3
dela_4,category,dela 4
dela_5,category,dela 5
dela_7,category,dela 7
dela_a,category,dela a
dela_anica_zemlja,category,dela anica zemlja
dela_b,category,dela b
dela_c,category,dela c
dela_d,category,dela d
dela_e,category,dela e
dela_f,category,dela f
dela_g,category,dela g
dela_h,category,dela h
dela_i,category,dela i
dela_j,category,dela j
dela_k,category,dela k
dela_l,category,dela l
dela_leta_1584,category,dela leta 1584
dela_leta_1800,category,dela leta 1800
dela_leta_1836,category,dela leta 1836
dela_leta_1840,category,dela leta 1840
dela_leta_1845,category,dela leta 1845
dela_leta_1849,category,dela leta 1849
dela_leta_1850,category,dela leta 1850
dela_leta_1851,category,dela leta 1851
dela_leta_1852,category,dela leta 1852
dela_leta_1853,category,dela leta 1853
dela_leta_1854,category,dela leta 1854
dela_leta_1860,category,dela leta 1860
dela_leta_1861,category,dela leta 1861
dela_leta_1862,category,dela leta 1862
dela_leta_1864,category,dela leta 1864
dela_leta_1865,category,dela leta 1865
dela_leta_1866,category,dela leta 1866
dela_leta_1868,category,dela leta 1868
dela_leta_1870,category,dela leta 1870
dela_leta_1871,category,dela leta 1871
dela_leta_1872,category,dela leta 1872
dela_leta_1873,category,dela leta 1873
dela_leta_1874,category,dela leta 1874
dela_leta_1879,category,dela leta 1879
dela_leta_1880,category,dela leta 1880
dela_leta_1881,category,dela leta 1881
dela_leta_1883,category,dela leta 1883
dela_leta_1884,category,dela leta 1884
dela_leta_1885,category,dela leta 1885
dela_leta_1886,category,dela leta 1886
dela_leta_1887,category,dela leta 1887
dela_leta_1888,category,dela leta 1888
dela_leta_1889,category,dela leta 1889
dela_leta_1890,category,dela leta 1890
dela_leta_1891,category,dela leta 1891
dela_leta_1892,category,dela leta 1892
dela_leta_1894,category,dela leta 1894
dela_leta_1895,category,dela leta 1895
dela_leta_1896,category,dela leta 1896
dela_leta_1897,category,dela leta 1897
dela_leta_1898,category,dela leta 1898
dela_leta_1899,category,dela leta 1899
dela_leta_1900,category,dela leta 1900
dela_leta_1901,category,dela leta 1901
dela_leta_1902,category,dela leta 1902
dela_leta_1903,category,dela leta 1903
dela_leta_1904,category,dela leta 1904
dela_leta_1905,category,dela leta 1905
dela_leta_1906,category,dela leta 1906
dela_leta_1907,category,dela leta 1907
dela_leta_1908,category,dela leta 1908
dela_leta_1909,category,dela leta 1909
dela_leta_1910,category,dela leta 1910
dela_leta_1911,category,dela leta 1911
dela_leta_1912,category,dela leta 1912
dela_leta_1914,category,dela leta 1914
dela_leta_1915,category,dela leta 1915
dela_leta_1917,category,dela leta 1917
dela_leta_1918,category,dela leta 1918
dela_leta_1919,category,dela leta 1919
dela_leta_1920,category,dela leta 1920
dela_leta_1921,category,dela leta 1921
dela_leta_1922,category,dela leta 1922
dela_leta_1923,category,dela leta 1923
dela_leta_1924,category,dela leta 1924
dela_leta_1925,category,dela leta 1925
dela_leta_1926,category,dela leta 1926
dela_leta_1927,category,dela leta 1927
dela_leta_1928,category,dela leta 1928
dela_leta_1929,category,dela leta 1929
dela_leta_1930,category,dela leta 1930
dela_leta_1931,category,dela leta 1931
dela_leta_1932,category,dela leta 1932
dela_leta_1933,category,dela leta 1933
dela_leta_1934,category,dela leta 1934
dela_leta_1935,category,dela leta 1935
dela_leta_1936,category,dela leta 1936
dela_leta_1937,category,dela leta 1937
dela_leta_1938,category,dela leta 1938
dela_leta_1939,category,dela leta 1939
dela_leta_1940,category,dela leta 1940
dela_leta_1941,category,dela leta 1941
dela_leta_1943,category,dela leta 1943
dela_leta_1944,category,dela leta 1944
dela_leta_1948,category,dela leta 1948
dela_leta_1959,category,dela leta 1959
dela_leta_1970,category,dela leta 1970
dela_leta_1990,category,dela leta 1990
dela_leta_2004,category,dela leta 2004
dela_leta_2008,category,dela leta 2008
dela_leta_2009,category,dela leta 2009
dela_leta_2012,category,dela leta 2012
dela_leta_2014,category,dela leta 2014
dela_leta_2018,category,dela leta 2018
dela_m,category,dela m
dela_n,category,dela n
dela_o,category,dela o
dela_p,category,dela p
dela_q,category,dela q
dela_r,category,dela r
dela_s,category,dela s
dela_t,category,dela t
dela_u,category,dela u
dela_v,category,dela v
dela_v_bohoricici,category,dela v bohoricici
dela_v_nemscini,category,dela v nemscini
dela_v_prekmurscini,category,dela v prekmurscini
dela_vec_avtorjev,category,dela vec avtorjev
dela_w,category,dela w
dela_x,category,dela x
dela_y,category,dela y
dela_z,category,dela z
delne_skrbine,category,delne skrbine
dobrcan,category,dobrcan
dolenjske_novice,category,dolenjske novice
dolenjski_list,publication,dolenjski list
dom_in_svet,category,dom in svet
dominik_smole,category,dominik smole
domobranstvo,category,domobranstvo
domoljub,category,domoljub
domovina,category,domovina
dora_gruden,category,dora gruden
dragica_gracner,category,dragica gracner
dragotin_kette,category,dragotin kette
dragotin_loncar,category,dragotin loncar
drustvene_vesti,category,drustvene vesti
druzba,category,druzba
druzina_1929,category,druzina 1929
edgar_allan_poe,category,edgar allan poe
edgar_wallace,category,edgar wallace
edinost,category,edinost
edward_bulwer_lytton,category,edward bulwer lytton
epska_pesnitev,category,epska pesnitev
erotika_cankar,category,erotika cankar
estetika,category,estetika
eugene_scribe,category,eugene scribe
eugene_varlin,category,eugene varlin
eva_skofic_maurer,category,eva skofic maurer
feliks_anton_dev,category,feliks anton dev
ferdinand_i_habsbursko_lotarinski,category,ferdinand i habsbursko lotarinski
ferdinand_seidl,category,ferdinand seidl
ferdo_kleinmayr,category,ferdo kleinmayr
filip_jakob_kafol,category,filip jakob kafol
fjodor_mihajlovic_dostojevski,category,fjodor mihajlovic dostojevski
folklorna_povest,category,folklorna povest
fran_erjavec,category,fran erjavec
fran_govekar,category,fran govekar
fran_ilesic,category,fran ilesic
fran_kocbek,category,fran kocbek
fran_levec,category,fran levec
fran_levstik,category,fran levstik
fran_lipah,category,fran lipah
fran_milcinski,category,fran milcinski
fran_orozen,category,fran orozen
fran_saleski_finzgar,category,fran saleski finzgar
fran_zakrajsek,category,fran zakrajsek
fran_zbasnik,category,fran zbasnik
franc_cimperman,category,franc cimperman
franc_jozef_i_habsbursko_lotarinski,category,franc jozef i habsbursko lotarinski
franc_juliani,category,franc juliani
franc_ksaver_mesko,category,franc ksaver mesko
franc_malavasic,category,franc malavasic
franc_pirc,category,franc pirc
france_cegnar,category,france cegnar
france_filipic,category,france filipic
france_preseren,category,france preseren
francisek_ksaverij_sterzaj,category,francisek ksaverij sterzaj
francisek_lampe,category,francisek lampe
francisek_svetlicic,category,francisek svetlicic
francka_zupancic,category,francka zupancic
frane_milcinski_jezek,category,frane milcinski jezek
franja_tavcar,category,franja tavcar
franja_trojansek,category,franja trojansek
franjo_neubauer,category,franjo neubauer
friderik_baraga,category,friderik baraga
g_s,category,g s
giovanni_antonio_scopoli,category,giovanni antonio scopoli
gitica_jakopin,category,gitica jakopin
giuseppe_musolino,category,giuseppe musolino
glasnik_slovenskega_slovstva,publication,glasnik slovenskega slovstva
golica,category,golica
gore_v_sloveniji,category,gore v sloveniji
gorica,category,gorica
gorica_casnik,category,gorica casnik
gregor_krek,category,gregor krek
grmada,category,grmada
gruda,category,gruda
guillaume_apollinaire,category,guillaume apollinaire
gustav_strnisa,category,gustav strnisa
hajdamak,category,hajdamak
helena_kraljic,category,helena kraljic
henrik_tuma,category,henrik tuma
henry_rider_haggard,category,henry rider haggard
hilarij_zorn,category,hilarij zorn
himne,category,himne
hipokrat,category,hipokrat
hlacke_za_oblacke,category,hlacke za oblacke
ida_mlakar,category,ida mlakar
idrija,category,idrija
ignacij_holzapfel,category,ignacij holzapfel
ignacij_knoblehar,category,ignacij knoblehar
igo_gruden,category,igo gruden
illyrisches_blatt,category,illyrisches blatt
ilustrirani_glasnik,publication,ilustrirani glasnik
integrali_26,category,integrali 26
ischl,category,ischl
islam,category,islam
ivan_baloh,category,ivan baloh
ivan_cankar,category,ivan cankar
ivan_dolinar,category,ivan dolinar
ivan_engelsberger,category,ivan engelsberger
ivan_franke,category,ivan franke
ivan_hribar,category,ivan hribar
ivan_kostial,category,ivan kostial
ivan_krulec,category,ivan krulec
ivan_lah,category,ivan lah
ivan_lampet,category,ivan lampet
ivan_molek,category,ivan molek
ivan_mulacek,category,ivan mulacek
ivan_potrc,category,ivan potrc
ivan_pregelj,category,ivan pregelj
ivan_prijatelj,category,ivan prijatelj
ivan_rob,category,ivan rob
ivan_robida,category,ivan robida
ivan_saselj,category,ivan saselj
ivan_sergejevic_turgenjev,category,ivan sergejevic turgenjev
ivan_skuhala,category,ivan skuhala
ivan_steklasa,category,ivan steklasa
ivan_strojar,category,ivan strojar
ivan_strukelj,category,ivan strukelj
ivan_tavcar,category,ivan tavcar
ivan_tusek,category,ivan tusek
ivan_vdovic,category,ivan vdovic
ivan_vrhovec,category,ivan vrhovec
ivan_vrhovnik,category,ivan vrhovnik
ivan_vuk,category,ivan vuk
ivan_zmavc,category,ivan zmavc
ivanka_anzic_klemencic,category,ivanka anzic klemencic
ivanka_mestnik,category,ivanka mestnik
ivo_brncic,category,ivo brncic
ivo_cesnik,category,ivo cesnik
ivo_kovacic,category,ivo kovacic
ivo_samec,category,ivo samec
ivo_trost,category,ivo trost
iz_ljubljane_cez_poljane,category,iz ljubljane cez poljane
iz_sodnijskega_zivljenja,category,iz sodnijskega zivljenja
izidor_cankar,category,izidor cankar
izmail_ivanovic_sreznjevski,category,izmail ivanovic sreznjevski
izvir,category,izvir
j_furlani,category,j furlani
j_mandelj,category,j mandelj
j_volkov,category,j volkov
jakob_alesovec,category,jakob alesovec
jakob_aljaz,category,jakob aljaz
jakob_zupan,category,jakob zupan
james_harvey_robinson,category,james harvey robinson
jan_vitovec,category,jan vitovec
jana_bauer,category,jana bauer
jana_kolaric,category,jana kolaric
jana_strzinar,category,jana strzinar
janez_bilc,category,janez bilc
janez_bleiweis,category,janez bleiweis
janez_cigler,category,janez cigler
janez_dolenc,category,janez dolenc
janez_evangelist_krek,publication,janez evangelist krek
janez_jalen,category,janez jalen
janez_jelen,category,janez jelen
janez_kalan,category,janez kalan
janez_kmet,category,janez kmet
janez_krstnik_mesar,category,janez krstnik mesar
janez_mencinger,category,janez mencinger
janez_parapat,category,janez parapat
janez_trdina,category,janez trdina
janez_zagar,category,janez zagar
janja_vidmar,category,janja vidmar
janko_barle,category,janko barle
janko_bratina,category,janko bratina
janko_kersnik,category,janko kersnik
janko_kessler,category,janko kessler
janko_mlakar,category,janko mlakar
janko_pajk,category,janko pajk
janko_samec,category,janko samec
janus_golec,category,janus golec
jaroslav_kikelj,category,jaroslav kikelj
jernej_andrejka,category,jernej andrejka
jernej_dolzan,category,jernej dolzan
jernej_levicnik,category,jernej levicnik
jernej_medved,category,jernej medved
jernej_vidmar,category,jernej vidmar
johannes_frischauf,category,johannes frischauf
johannes_jrgensen,category,johannes jrgensen
josip_benkovic,category,josip benkovic
josip_cimperman,category,josip cimperman
josip_ciril_oblak,category,josip ciril oblak
josip_gruden,category,josip gruden
josip_hauptman,category,josip hauptman
josip_juraj_strossmayer,category,josip juraj strossmayer
josip_jurcic,category,josip jurcic
josip_kostanjevec,category,josip kostanjevec
josip_lavtizar,category,josip lavtizar
josip_murn,category,josip murn
josip_pagliaruzzi,category,josip pagliaruzzi
josip_sernec,category,josip sernec
josip_stritar,category,josip stritar
josipina_urbancic_turnograjska,category,josipina urbancic turnograjska
jovan_vesel_koseski,category,jovan vesel koseski
joza_beks,category,joza beks
joza_lovrencic,category,joza lovrencic
joza_vovk,category,joza vovk
joze_ambrozic,category,joze ambrozic
joze_debevec,category,joze debevec
joze_javorsek,category,joze javorsek
joze_kosar,category,joze kosar
joze_kranjc,category,joze kranjc
joze_pahor,category,joze pahor
joze_serjak,category,joze serjak
joze_urbanija,category,joze urbanija
joze_zavertnik,category,joze zavertnik
jozef_bevk,category,jozef bevk
jozef_ii_habsbursko_lotarinski,category,jozef ii habsbursko lotarinski
jozef_levicnik,category,jozef levicnik
jozef_marija_krzisnik,category,jozef marija krzisnik
jozef_mihelic,category,jozef mihelic
jozef_mursec,category,jozef mursec
jozef_orel,category,jozef orel
jozef_virk,category,jozef virk
jozef_zemlja,category,jozef zemlja
juda_iskarijot,category,juda iskarijot
judita_rajnar,category,judita rajnar
julia_doria,category,julia doria
julij_bucar,category,julij bucar
jurij_dalmatin,category,jurij dalmatin
jurij_grabrijan,category,jurij grabrijan
jurij_volc,category,jurij volc
jus_kozak,category,jus kozak
jutro_1920,category,jutro 1920
kajetan_kovic,category,kajetan kovic
kajscek,category,kajscek
kapela_marije_snezne_kredarica,category,kapela marije snezne kredarica
karel_chodounsky,category,karel chodounsky
karel_destovnik_kajuh,category,karel destovnik kajuh
karel_grzan,category,karel grzan
katekizem,category,katekizem
kazala,category,kazala
keber,category,keber
kmetijske_in_rokodelske_novice,category,kmetijske in rokodelske novice
knjizevnost_revija,category,knjizevnost revija
knjizne_zbirke,category,knjizne zbirke
koledar_mohorjeve_druzbe,category,koledar mohorjeve druzbe
koledarji,category,koledarji
komedija,category,komedija
komedije,category,komedije
komunizem,category,komunizem
kraguljcki_prunk_utva,category,kraguljcki prunk utva
krajnska_cbelica,category,krajnska cbelica
kralj_matjaz,category,kralj matjaz
kratka_proza,category,kratka proza
kratka_sodobna_pravljica,category,kratka sodobna pravljica
kratka_zgodba,category,kratka zgodba
kratke_sodobne_pravljice,category,kratke sodobne pravljice
kres_1881,category,kres 1881
kres_1921,category,kres 1921
kristina_brenk,category,kristina brenk
kristina_suler,category,kristina suler
krscanske_molitve,category,krscanske molitve
ladislav_kozelj,category,ladislav kozelj
laibacher_mysterien,category,laibacher mysterien
lambert_ehrlich,category,lambert ehrlich
lambert_fercnik,category,lambert fercnik
lambert_thiboust,category,lambert thiboust
lea_fatur,category,lea fatur
leonardo_da_vinci,category,leonardo da vinci
leonid_nikolajevic_andrejev,category,leonid nikolajevic andrejev
leopold_gorenjec,category,leopold gorenjec
leopold_lenard,category,leopold lenard
leopold_tursic,category,leopold tursic
leopold_volkmer,category,leopold volkmer
letaki,category,letaki
letopis_matice_slovenske,category,letopis matice slovenske
lev_nikolajevic_tolstoj,category,lev nikolajevic tolstoj
lili_novy,category,lili novy
literarne_kritike,category,literarne kritike
literarni_liki,category,literarni liki
literarni_programi,category,literarni programi
litijan,category,litijan
ljuba_prenner,category,ljuba prenner
ljubezen,category,ljubezen
ljubljanski_zvon,category,ljubljanski zvon
ljudevit_stiasny,category,ljudevit stiasny
ljudmila_poljanec,category,ljudmila poljanec
ljudmila_prunk,category,ljudmila prunk
lojze_grozde,category,lojze grozde
lojze_kovacic,category,lojze kovacic
lokalna_slika_brez_slike_na_wikipodatkih,category,lokalna slika brez slike na wikipodatkih
lokalna_slika_ustreza_sliki_v_wikipodatkih,category,lokalna slika ustreza sliki v wikipodatkih
loski_razgledi,category,loski razgledi
ludvik_xvi_francoski,category,ludvik xvi francoski
m_j_gorenjka,category,m j gorenjka
m_pirnat,category,m pirnat
magda_lojk,category,magda lojk
maksim_gorki,category,maksim gorki
maksimilijan_i_habsburski,category,maksimilijan i habsburski
manica_koman,category,manica koman
manjka_leto_rojstva,category,manjka leto rojstva
manjka_leto_smrti,category,manjka leto smrti
mara_stepanova,category,mara stepanova
mara_tavcar,category,mara tavcar
marcela_bole,category,marcela bole
maria_susanna_cummins,category,maria susanna cummins
marica_nadlisek_bartol,category,marica nadlisek bartol
marica_strnad_cizerlj,category,marica strnad cizerlj
marija_groselj,category,marija groselj
marija_jezernik,category,marija jezernik
marija_kern,category,marija kern
marija_kmet,category,marija kmet
marija_terezija,category,marija terezija
marija_vera,category,marija vera
marija_vogric,category,marija vogric
marinka_fritz_kunc,category,marinka fritz kunc
marja_borsnik,category,marja borsnik
marjan_tomsic,category,marjan tomsic
marjana_grasselli_prosenc,category,marjana grasselli prosenc
marjeta_dajcman,category,marjeta dajcman
mark_twain,category,mark twain
marko_kravos,category,marko kravos
marko_pohlin,category,marko pohlin
matej_bor,category,matej bor
mateja_crv_suznik,category,mateja crv suznik
mateja_perpar,category,mateja perpar
mateja_reba,category,mateja reba
matevz_ravnikar_pozencan,category,matevz ravnikar pozencan
matija_majar,category,matija majar
matija_murko,category,matija murko
matija_prelesnik,category,matija prelesnik
matija_rode,category,matija rode
matija_valjavec,category,matija valjavec
matija_vertovec,category,matija vertovec
med_gorami,category,med gorami
metod_pirih,category,metod pirih
metrika,category,metrika
miguel_de_cervantes,category,miguel de cervantes
miha_kastelic,category,miha kastelic
mihael_lendovsek,category,mihael lendovsek
mihael_napotnik,category,mihael napotnik
mihail_jurjevic_lermontov,category,mihail jurjevic lermontov
milan_dekleva,category,milan dekleva
milan_pugelj,category,milan pugelj
milan_resnik,category,milan resnik
mile_klopcic,category,mile klopcic
milena_batic,category,milena batic
milica_sturm,category,milica sturm
milijana_gligic_mikica,category,milijana gligic mikica
miljutin_zarnik,category,miljutin zarnik
mimi_malensek,category,mimi malensek
mira_dobravec,category,mira dobravec
mira_voglar,category,mira voglar
miran_hladnik,category,miran hladnik
miran_jarc,category,miran jarc
miroslav_krleza,category,miroslav krleza
miroslav_malovrh,category,miroslav malovrh
mirza_safi_vazeh,category,mirza safi vazeh
mladika,category,mladika
mladina_revija,category,mladina revija
mladinska_proza,category,mladinska proza
modra_ptica,category,modra ptica
mohorjeva_druzba,category,mohorjeva druzba
mojiceja_podgorsek,category,mojiceja podgorsek
mozbeseda_pedenjped,category,mozbeseda pedenjped
narcisse_fournier,category,narcisse fournier
narecja,category,narecja
narodna_nosa,category,narodna nosa
narodni_obicaji,category,narodni obicaji
narte_velikonja,category,narte velikonja
nas_rod,category,nas rod
nasa_moc,category,nasa moc
nasi_zapiski,category,nasi zapiski
natalija_brumen,category,natalija brumen
natasa_konc_lorenzutti,category,natasa konc lorenzutti
nekrologi,category,nekrologi
nemske_pesmi_france_preseren,genre,nemske pesmi france preseren
nepopolni_clanki,category,nepopolni clanki
nepotrjena_nepregledana_problematicna_besedila,category,nepotrjena nepregledana problematicna besedila
nesreca,category,nesreca
neza_maurer,category,neza maurer
niccolo_olivieri,category,niccolo olivieri
niko_grafenauer,category,niko grafenauer
nimas_pojma,category,nimas pojma
nouvi_zakon,category,nouvi zakon
nova_doba,category,nova doba
novele,category,novele
obdelano_1,category,obdelano 1
obdelano_2,category,obdelano 2
obdelano_3,category,obdelano 3
obdelano_4,category,obdelano 4
obisk_casopis,publication,obisk casopis
objavljeno_s_pisnim_dovoljenjem,category,objavljeno s pisnim dovoljenjem
objavljeno_z_ustnim_dovoljenjem,category,objavljeno z ustnim dovoljenjem
obrezija,category,obrezija
obvestila,category,obvestila
ojstrica,category,ojstrica
olga_gutman,category,olga gutman
organizacija_zdruzenih_narodov,category,organizacija zdruzenih narodov
oroslav_caf,category,oroslav caf
oton_trabant,category,oton trabant
pamfleti,category,pamfleti
papeske_okroznice,category,papeske okroznice
papez_bonifacij_viii,category,papez bonifacij viii
papez_evgen_iv,category,papez evgen iv
papez_janez_pavel_ii,category,papez janez pavel ii
papez_leon_xiii,category,papez leon xiii
papez_pavel_iii,category,papez pavel iii
papez_pij_ix,category,papez pij ix
papez_pij_xi,category,papez pij xi
papezi,category,papezi
pavel_perko,category,pavel perko
pavle_zidar,category,pavle zidar
pavlina_pajk,category,pavlina pajk
pesmi_gregorcic,genre,pesmi gregorcic
pesmi_in_romance,genre,pesmi in romance
pesmi_kosovel,genre,pesmi kosovel
pesmi_salamun,genre,pesmi salamun
pesmi_salamun9,genre,pesmi salamun9
pesni_cimperman,category,pesni cimperman
petar_preradovic,category,petar preradovic
peter_bohinjec,category,peter bohinjec
peter_dajnko,category,peter dajnko
peter_hitzinger,category,peter hitzinger
peter_radics,category,peter radics
peter_svetina,category,peter svetina
peter_zdovc,category,peter zdovc
pisma,category,pisma
pisma_franceta_preserna,category,pisma franceta preserna
pisma_josipa_murna,category,pisma josipa murna
planinska_povest,category,planinska povest
planinski_dom,category,planinski dom
planinski_ples,category,planinski ples
planjavski,category,planjavski
podkovani_zajec_in_modra_oslica,category,podkovani zajec in modra oslica
podlistki,publication,podlistki
poetika,category,poetika
poezije_france_preseren,genre,poezije france preseren
pohod_na_triglav,category,pohod na triglav
pohodnistvo,category,pohodnistvo
pojoca_kri_gradnik,category,pojoca kri gradnik
poljski_avtorji,category,poljski avtorji
poljski_duhovniki,category,poljski duhovniki
polona_skrinjar,category,polona skrinjar
poziv_glede_uredbe_potresnega_opazovanja_na_kranjskem,category,poziv glede uredbe potresnega opazovanja na kranjskem
pravo,category,pravo
pravopis,category,pravopis
predpustna_veselica,category,predpustna veselica
pregledane_redakcije,category,pregledane redakcije
prejemniki_glazerjeve_nagrade,category,prejemniki glazerjeve nagrade
prejemniki_grumove_nagrade,category,prejemniki grumove nagrade
prejemniki_jenkove_nagrade,category,prejemniki jenkove nagrade
prejemniki_jezkove_nagrade,category,prejemniki jezkove nagrade
prejemniki_kresnika,category,prejemniki kresnika
prejemniki_levstikove_nagrade,category,prejemniki levstikove nagrade
prejemniki_nagrade_presernovega_sklada,category,prejemniki nagrade presernovega sklada
prejemniki_presernove_nagrade,category,prejemniki presernove nagrade
prejemniki_rozanceve_nagrade,category,prejemniki rozanceve nagrade
prejemniki_sovretove_nagrade,category,prejemniki sovretove nagrade
prejemniki_vecernice,category,prejemniki vecernice
prejemniki_veronikine_nagrade,category,prejemniki veronikine nagrade
prejemniki_zupanciceve_nagrade,category,prejemniki zupanciceve nagrade
prekmurje,category,prekmurje
presernove_poezije,genre,presernove poezije
priimki,category,priimki
primorske_pesmi,genre,primorske pesmi
primorski_list,publication,primorski list
primoz_lavrencic,category,primoz lavrencic
primoz_trubar,category,primoz trubar
pripovedna_proza,category,pripovedna proza
prirocniki,category,prirocniki
proletarec,category,proletarec
propagandne_brosure,category,propagandne brosure
proza,category,proza
pustne_prireditve,category,pustne prireditve
radece,category,radece
radivoj_peterlin,category,radivoj peterlin
rado_murnik,category,rado murnik
rainer_maria_rilke,category,rainer maria rilke
ratece,category,ratece
razlicni_napisi,category,razlicni napisi
razlocitve,category,razlocitve
recenzije,category,recenzije
referati,category,referati
renata_anzic_trtnik,category,renata anzic trtnik
republika_slovenija,category,republika slovenija
robert_simonic,category,robert simonic
rojeni_10_aprila,category,rojeni 10 aprila
rojeni_10_decembra,category,rojeni 10 decembra
rojeni_10_februarja,category,rojeni 10 februarja
rojeni_10_junija,category,rojeni 10 junija
rojeni_10_maja,category,rojeni 10 maja
rojeni_10_marca,category,rojeni 10 marca
rojeni_11_aprila,category,rojeni 11 aprila
rojeni_11_avgusta,category,rojeni 11 avgusta
rojeni_11_julija,category,rojeni 11 julija
rojeni_11_maja,category,rojeni 11 maja
rojeni_11_novembra,category,rojeni 11 novembra
rojeni_12_avgusta,category,rojeni 12 avgusta
rojeni_12_decembra,category,rojeni 12 decembra
rojeni_12_februarja,category,rojeni 12 februarja
rojeni_12_januarja,category,rojeni 12 januarja
rojeni_12_julija,category,rojeni 12 julija
rojeni_12_marca,category,rojeni 12 marca
rojeni_12_novembra,category,rojeni 12 novembra
rojeni_12_septembra,category,rojeni 12 septembra
rojeni_13_aprila,category,rojeni 13 aprila
rojeni_13_avgusta,category,rojeni 13 avgusta
rojeni_13_decembra,category,rojeni 13 decembra
rojeni_13_januarja,category,rojeni 13 januarja
rojeni_13_junija,category,rojeni 13 junija
rojeni_13_maja,category,rojeni 13 maja
rojeni_13_marca,category,rojeni 13 marca
rojeni_13_novembra,category,rojeni 13 novembra
rojeni_13_oktobra,category,rojeni 13 oktobra
rojeni_14_aprila,category,rojeni 14 aprila
rojeni_14_avgusta,category,rojeni 14 avgusta
rojeni_14_decembra,category,rojeni 14 decembra
rojeni_14_februarja,category,rojeni 14 februarja
rojeni_14_januarja,category,rojeni 14 januarja
rojeni_14_marca,category,rojeni 14 marca
rojeni_14_novembra,category,rojeni 14 novembra
rojeni_14_oktobra,category,rojeni 14 oktobra
rojeni_14_septembra,category,rojeni 14 septembra
rojeni_15_aprila,category,rojeni 15 aprila
rojeni_15_avgusta,category,rojeni 15 avgusta
rojeni_15_decembra,category,rojeni 15 decembra
rojeni_15_februarja,category,rojeni 15 februarja
rojeni_15_januarja,category,rojeni 15 januarja
rojeni_15_julija,category,rojeni 15 julija
rojeni_15_junija,category,rojeni 15 junija
rojeni_15_maja,category,rojeni 15 maja
rojeni_15_marca,category,rojeni 15 marca
rojeni_15_novembra,category,rojeni 15 novembra
rojeni_15_oktobra,category,rojeni 15 oktobra
rojeni_15_septembra,category,rojeni 15 septembra
rojeni_16_avgusta,category,rojeni 16 avgusta
rojeni_16_marca,category,rojeni 16 marca
rojeni_16_novembra,category,rojeni 16 novembra
rojeni_16_oktobra,category,rojeni 16 oktobra
rojeni_16_septembra,category,rojeni 16 septembra
rojeni_17_avgusta,category,rojeni 17 avgusta
rojeni_17_februarja,category,rojeni 17 februarja
rojeni_17_julija,category,rojeni 17 julija
rojeni_17_novembra,category,rojeni 17 novembra
rojeni_17_oktobra,category,rojeni 17 oktobra
rojeni_17_septembra,category,rojeni 17 septembra
rojeni_18_aprila,category,rojeni 18 aprila
rojeni_18_avgusta,category,rojeni 18 avgusta
rojeni_18_januarja,category,rojeni 18 januarja
rojeni_18_julija,category,rojeni 18 julija
rojeni_18_junija,category,rojeni 18 junija
rojeni_18_maja,category,rojeni 18 maja
rojeni_18_septembra,category,rojeni 18 septembra
rojeni_19_aprila,category,rojeni 19 aprila
rojeni_19_decembra,category,rojeni 19 decembra
rojeni_19_februarja,category,rojeni 19 februarja
rojeni_19_januarja,category,rojeni 19 januarja
rojeni_19_julija,category,rojeni 19 julija
rojeni_19_junija,category,rojeni 19 junija
rojeni_19_maja,category,rojeni 19 maja
rojeni_19_marca,category,rojeni 19 marca
rojeni_19_novembra,category,rojeni 19 novembra
rojeni_19_septembra,category,rojeni 19 septembra
rojeni_1_aprila,category,rojeni 1 aprila
rojeni_1_avgusta,category,rojeni 1 avgusta
rojeni_1_julija,category,rojeni 1 julija
rojeni_1_maja,category,rojeni 1 maja
rojeni_1_marca,category,rojeni 1 marca
rojeni_1_oktobra,category,rojeni 1 oktobra
rojeni_1_septembra,category,rojeni 1 septembra
rojeni_20,category,rojeni 20
rojeni_20_avgusta,category,rojeni 20 avgusta
rojeni_20_februarja,category,rojeni 20 februarja
rojeni_20_junija,category,rojeni 20 junija
rojeni_20_novembra,category,rojeni 20 novembra
rojeni_20_oktobra,category,rojeni 20 oktobra
rojeni_20_septembra,category,rojeni 20 septembra
rojeni_21_avgusta,category,rojeni 21 avgusta
rojeni_21_februarja,category,rojeni 21 februarja
rojeni_21_julija,category,rojeni 21 julija
rojeni_21_maja,category,rojeni 21 maja
rojeni_21_marca,category,rojeni 21 marca
rojeni_21_oktobra,category,rojeni 21 oktobra
rojeni_22_aprila,category,rojeni 22 aprila
rojeni_22_decembra,category,rojeni 22 decembra
rojeni_22_februarja,category,rojeni 22 februarja
rojeni_22_julija,category,rojeni 22 julija
rojeni_22_junija,category,rojeni 22 junija
rojeni_22_marca,category,rojeni 22 marca
rojeni_22_novembra,category,rojeni 22 novembra
rojeni_23_aprila,category,rojeni 23 aprila
rojeni_23_avgusta,category,rojeni 23 avgusta
rojeni_23_decembra,category,rojeni 23 decembra
rojeni_23_februarja,category,rojeni 23 februarja
rojeni_23_julija,category,rojeni 23 julija
rojeni_23_marca,category,rojeni 23 marca
rojeni_24_avgusta,category,rojeni 24 avgusta
rojeni_24_decembra,category,rojeni 24 decembra
rojeni_24_februarja,category,rojeni 24 februarja
rojeni_24_januarja,category,rojeni 24 januarja
rojeni_24_junija,category,rojeni 24 junija
rojeni_24_marca,category,rojeni 24 marca
rojeni_24_novembra,category,rojeni 24 novembra
rojeni_24_septembra,category,rojeni 24 septembra
rojeni_25_avgusta,category,rojeni 25 avgusta
rojeni_25_februarja,category,rojeni 25 februarja
rojeni_25_januarja,category,rojeni 25 januarja
rojeni_25_julija,category,rojeni 25 julija
rojeni_25_junija,category,rojeni 25 junija
rojeni_25_maja,category,rojeni 25 maja
rojeni_25_novembra,category,rojeni 25 novembra
rojeni_25_oktobra,category,rojeni 25 oktobra
rojeni_25_septembra,category,rojeni 25 septembra
rojeni_26_avgusta,category,rojeni 26 avgusta
rojeni_26_januarja,category,rojeni 26 januarja
rojeni_26_junija,category,rojeni 26 junija
rojeni_26_maja,category,rojeni 26 maja
rojeni_26_novembra,category,rojeni 26 novembra
rojeni_27_aprila,category,rojeni 27 aprila
rojeni_27_decembra,category,rojeni 27 decembra
rojeni_27_januarja,category,rojeni 27 januarja
rojeni_27_maja,category,rojeni 27 maja
rojeni_27_marca,category,rojeni 27 marca
rojeni_27_novembra,category,rojeni 27 novembra
rojeni_27_oktobra,category,rojeni 27 oktobra
rojeni_28_avgusta,category,rojeni 28 avgusta
rojeni_28_januarja,category,rojeni 28 januarja
rojeni_28_maja,category,rojeni 28 maja
rojeni_28_marca,category,rojeni 28 marca
rojeni_28_novembra,category,rojeni 28 novembra
rojeni_28_oktobra,category,rojeni 28 oktobra
rojeni_29_aprila,category,rojeni 29 aprila
rojeni_29_decembra,category,rojeni 29 decembra
rojeni_29_februarja,category,rojeni 29 februarja
rojeni_29_januarja,category,rojeni 29 januarja
rojeni_29_junija,category,rojeni 29 junija
rojeni_29_marca,category,rojeni 29 marca
rojeni_29_oktobra,category,rojeni 29 oktobra
rojeni_29_septembra,category,rojeni 29 septembra
rojeni_2_aprila,category,rojeni 2 aprila
rojeni_2_avgusta,category,rojeni 2 avgusta
rojeni_2_decembra,category,rojeni 2 decembra
rojeni_2_junija,category,rojeni 2 junija
rojeni_2_marca,category,rojeni 2 marca
rojeni_2_novembra,category,rojeni 2 novembra
rojeni_30_januarja,category,rojeni 30 januarja
rojeni_30_junija,category,rojeni 30 junija
rojeni_30_maja,category,rojeni 30 maja
rojeni_30_novembra,category,rojeni 30 novembra
rojeni_31_januarja,category,rojeni 31 januarja
rojeni_31_julija,category,rojeni 31 julija
rojeni_31_maja,category,rojeni 31 maja
rojeni_31_marca,category,rojeni 31 marca
rojeni_3_aprila,category,rojeni 3 aprila
rojeni_3_avgusta,category,rojeni 3 avgusta
rojeni_3_decembra,category,rojeni 3 decembra
rojeni_3_februarja,category,rojeni 3 februarja
rojeni_3_julija,category,rojeni 3 julija
rojeni_3_junija,category,rojeni 3 junija
rojeni_3_marca,category,rojeni 3 marca
rojeni_3_novembra,category,rojeni 3 novembra
rojeni_3_oktobra,category,rojeni 3 oktobra
rojeni_3_septembra,category,rojeni 3 septembra
rojeni_4_aprila,category,rojeni 4 aprila
rojeni_4_avgusta,category,rojeni 4 avgusta
rojeni_4_decembra,category,rojeni 4 decembra
rojeni_4_februarja,category,rojeni 4 februarja
rojeni_4_januarja,category,rojeni 4 januarja
rojeni_4_julija,category,rojeni 4 julija
rojeni_4_junija,category,rojeni 4 junija
rojeni_4_maja,category,rojeni 4 maja
rojeni_4_marca,category,rojeni 4 marca
rojeni_4_novembra,category,rojeni 4 novembra
rojeni_4_septembra,category,rojeni 4 septembra
rojeni_5_aprila,category,rojeni 5 aprila
rojeni_5_avgusta,category,rojeni 5 avgusta
rojeni_5_januarja,category,rojeni 5 januarja
rojeni_5_novembra,category,rojeni 5 novembra
rojeni_5_oktobra,category,rojeni 5 oktobra
rojeni_5_septembra,category,rojeni 5 septembra
rojeni_6_aprila,category,rojeni 6 aprila
rojeni_6_avgusta,category,rojeni 6 avgusta
rojeni_6_decembra,category,rojeni 6 decembra
rojeni_6_januarja,category,rojeni 6 januarja
rojeni_6_julija,category,rojeni 6 julija
rojeni_6_junija,category,rojeni 6 junija
rojeni_6_marca,category,rojeni 6 marca
rojeni_6_novembra,category,rojeni 6 novembra
rojeni_7_avgusta,category,rojeni 7 avgusta
rojeni_7_decembra,category,rojeni 7 decembra
rojeni_7_februarja,category,rojeni 7 februarja
rojeni_7_januarja,category,rojeni 7 januarja
rojeni_7_julija,category,rojeni 7 julija
rojeni_7_septembra,category,rojeni 7 septembra
rojeni_8_junija,category,rojeni 8 junija
rojeni_8_marca,category,rojeni 8 marca
rojeni_8_novembra,category,rojeni 8 novembra
rojeni_9_aprila,category,rojeni 9 aprila
rojeni_9_decembra,category,rojeni 9 decembra
rojeni_9_februarja,category,rojeni 9 februarja
rojeni_9_januarja,category,rojeni 9 januarja
rojeni_9_julija,category,rojeni 9 julija
rojeni_9_maja,category,rojeni 9 maja
rojeni_9_novembra,category,rojeni 9 novembra
rojeni_9_septembra,category,rojeni 9 septembra
rojeni_leta_1180,category,rojeni leta 1180
rojeni_leta_1235,category,rojeni leta 1235
rojeni_leta_1383,category,rojeni leta 1383
rojeni_leta_1452,category,rojeni leta 1452
rojeni_leta_1459,category,rojeni leta 1459
rojeni_leta_1468,category,rojeni leta 1468
rojeni_leta_1508,category,rojeni leta 1508
rojeni_leta_1547,category,rojeni leta 1547
rojeni_leta_1552,category,rojeni leta 1552
rojeni_leta_1618,category,rojeni leta 1618
rojeni_leta_1673,category,rojeni leta 1673
rojeni_leta_1676,category,rojeni leta 1676
rojeni_leta_1703,category,rojeni leta 1703
rojeni_leta_1717,category,rojeni leta 1717
rojeni_leta_1723,category,rojeni leta 1723
rojeni_leta_1732,category,rojeni leta 1732
rojeni_leta_1735,category,rojeni leta 1735
rojeni_leta_1741,category,rojeni leta 1741
rojeni_leta_1754,category,rojeni leta 1754
rojeni_leta_1756,category,rojeni leta 1756
rojeni_leta_1758,category,rojeni leta 1758
rojeni_leta_1767,category,rojeni leta 1767
rojeni_leta_1774,category,rojeni leta 1774
rojeni_leta_1780,category,rojeni leta 1780
rojeni_leta_1784,category,rojeni leta 1784
rojeni_leta_1785,category,rojeni leta 1785
rojeni_leta_1787,category,rojeni leta 1787
rojeni_leta_1790,category,rojeni leta 1790
rojeni_leta_1791,category,rojeni leta 1791
rojeni_leta_1792,category,rojeni leta 1792
rojeni_leta_1793,category,rojeni leta 1793
rojeni_leta_1796,category,rojeni leta 1796
rojeni_leta_1797,category,rojeni leta 1797
rojeni_leta_1798,category,rojeni leta 1798
rojeni_leta_1799,category,rojeni leta 1799
rojeni_leta_1800,category,rojeni leta 1800
rojeni_leta_1802,category,rojeni leta 1802
rojeni_leta_1803,category,rojeni leta 1803
rojeni_leta_1805,category,rojeni leta 1805
rojeni_leta_1806,category,rojeni leta 1806
rojeni_leta_1807,category,rojeni leta 1807
rojeni_leta_1808,category,rojeni leta 1808
rojeni_leta_1809,category,rojeni leta 1809
rojeni_leta_1810,category,rojeni leta 1810
rojeni_leta_1811,category,rojeni leta 1811
rojeni_leta_1812,category,rojeni leta 1812
rojeni_leta_1813,category,rojeni leta 1813
rojeni_leta_1814,category,rojeni leta 1814
rojeni_leta_1815,category,rojeni leta 1815
rojeni_leta_1816,category,rojeni leta 1816
rojeni_leta_1817,category,rojeni leta 1817
rojeni_leta_1818,category,rojeni leta 1818
rojeni_leta_1819,category,rojeni leta 1819
rojeni_leta_1821,category,rojeni leta 1821
rojeni_leta_1825,category,rojeni leta 1825
rojeni_leta_1826,category,rojeni leta 1826
rojeni_leta_1827,category,rojeni leta 1827
rojeni_leta_1828,category,rojeni leta 1828
rojeni_leta_1830,category,rojeni leta 1830
rojeni_leta_1831,category,rojeni leta 1831
rojeni_leta_1835,category,rojeni leta 1835
rojeni_leta_1836,category,rojeni leta 1836
rojeni_leta_1837,category,rojeni leta 1837
rojeni_leta_1838,category,rojeni leta 1838
rojeni_leta_1839,category,rojeni leta 1839
rojeni_leta_1840,category,rojeni leta 1840
rojeni_leta_1843,category,rojeni leta 1843
rojeni_leta_1844,category,rojeni leta 1844
rojeni_leta_1845,category,rojeni leta 1845
rojeni_leta_1846,category,rojeni leta 1846
rojeni_leta_1847,category,rojeni leta 1847
rojeni_leta_1850,category,rojeni leta 1850
rojeni_leta_1851,category,rojeni leta 1851
rojeni_leta_1852,category,rojeni leta 1852
rojeni_leta_1853,category,rojeni leta 1853
rojeni_leta_1854,category,rojeni leta 1854
rojeni_leta_1855,category,rojeni leta 1855
rojeni_leta_1856,category,rojeni leta 1856
rojeni_leta_1857,category,rojeni leta 1857
rojeni_leta_1858,category,rojeni leta 1858
rojeni_leta_1859,category,rojeni leta 1859
rojeni_leta_1860,category,rojeni leta 1860
rojeni_leta_1861,category,rojeni leta 1861
rojeni_leta_1862,category,rojeni leta 1862
rojeni_leta_1863,category,rojeni leta 1863
rojeni_leta_1864,category,rojeni leta 1864
rojeni_leta_1865,category,rojeni leta 1865
rojeni_leta_1866,category,rojeni leta 1866
rojeni_leta_1867,category,rojeni leta 1867
rojeni_leta_1868,category,rojeni leta 1868
rojeni_leta_1869,category,rojeni leta 1869
rojeni_leta_1870,category,rojeni leta 1870
rojeni_leta_1871,category,rojeni leta 1871
rojeni_leta_1872,category,rojeni leta 1872
rojeni_leta_1873,category,rojeni leta 1873
rojeni_leta_1874,category,rojeni leta 1874
rojeni_leta_1875,category,rojeni leta 1875
rojeni_leta_1876,category,rojeni leta 1876
rojeni_leta_1877,category,rojeni leta 1877
rojeni_leta_1878,category,rojeni leta 1878
rojeni_leta_1879,category,rojeni leta 1879
rojeni_leta_1880,category,rojeni leta 1880
rojeni_leta_1881,category,rojeni leta 1881
rojeni_leta_1882,category,rojeni leta 1882
rojeni_leta_1883,category,rojeni leta 1883
rojeni_leta_1884,category,rojeni leta 1884
rojeni_leta_1885,category,rojeni leta 1885
rojeni_leta_1886,category,rojeni leta 1886
rojeni_leta_1887,category,rojeni leta 1887
rojeni_leta_1888,category,rojeni leta 1888
rojeni_leta_1891,category,rojeni leta 1891
rojeni_leta_1892,category,rojeni leta 1892
rojeni_leta_1893,category,rojeni leta 1893
rojeni_leta_1895,category,rojeni leta 1895
rojeni_leta_1897,category,rojeni leta 1897
rojeni_leta_1900,category,rojeni leta 1900
rojeni_leta_1903,category,rojeni leta 1903
rojeni_leta_1904,category,rojeni leta 1904
rojeni_leta_1905,category,rojeni leta 1905
rojeni_leta_1906,category,rojeni leta 1906
rojeni_leta_1907,category,rojeni leta 1907
rojeni_leta_1908,category,rojeni leta 1908
rojeni_leta_1910,category,rojeni leta 1910
rojeni_leta_1911,category,rojeni leta 1911
rojeni_leta_1912,category,rojeni leta 1912
rojeni_leta_1913,category,rojeni leta 1913
rojeni_leta_1914,category,rojeni leta 1914
rojeni_leta_1917,category,rojeni leta 1917
rojeni_leta_1918,category,rojeni leta 1918
rojeni_leta_1919,category,rojeni leta 1919
rojeni_leta_1920,category,rojeni leta 1920
rojeni_leta_1921,category,rojeni leta 1921
rojeni_leta_1923,category,rojeni leta 1923
rojeni_leta_1924,category,rojeni leta 1924
rojeni_leta_1926,category,rojeni leta 1926
rojeni_leta_1928,category,rojeni leta 1928
rojeni_leta_1929,category,rojeni leta 1929
rojeni_leta_1930,category,rojeni leta 1930
rojeni_leta_1931,category,rojeni leta 1931
rojeni_leta_1932,category,rojeni leta 1932
rojeni_leta_1934,category,rojeni leta 1934
rojeni_leta_1935,category,rojeni leta 1935
rojeni_leta_1936,category,rojeni leta 1936
rojeni_leta_1939,category,rojeni leta 1939
rojeni_leta_1941,category,rojeni leta 1941
rojeni_leta_1942,category,rojeni leta 1942
rojeni_leta_1943,category,rojeni leta 1943
rojeni_leta_1944,category,rojeni leta 1944
rojeni_leta_1946,category,rojeni leta 1946
rojeni_leta_1947,category,rojeni leta 1947
rojeni_leta_1948,category,rojeni leta 1948
rojeni_leta_1949,category,rojeni leta 1949
rojeni_leta_1950,category,rojeni leta 1950
rojeni_leta_1953,category,rojeni leta 1953
rojeni_leta_1954,category,rojeni leta 1954
rojeni_leta_1955,category,rojeni leta 1955
rojeni_leta_1956,category,rojeni leta 1956
rojeni_leta_1958,category,rojeni leta 1958
rojeni_leta_1959,category,rojeni leta 1959
rojeni_leta_1960,category,rojeni leta 1960
rojeni_leta_1961,category,rojeni leta 1961
rojeni_leta_1962,category,rojeni leta 1962
rojeni_leta_1963,category,rojeni leta 1963
rojeni_leta_1964,category,rojeni leta 1964
rojeni_leta_1965,category,rojeni leta 1965
rojeni_leta_1966,category,rojeni leta 1966
rojeni_leta_1967,category,rojeni leta 1967
rojeni_leta_1968,category,rojeni leta 1968
rojeni_leta_1969,category,rojeni leta 1969
rojeni_leta_1970,category,rojeni leta 1970
rojeni_leta_1971,category,rojeni leta 1971
rojeni_leta_1974,category,rojeni leta 1974
rojeni_leta_1975,category,rojeni leta 1975
rojeni_leta_1976,category,rojeni leta 1976
rojeni_leta_1980,category,rojeni leta 1980
rojeni_leta_1981,category,rojeni leta 1981
rojeni_leta_1991,category,rojeni leta 1991
rojeni_v_20_stoletju_n_st,category,rojeni v 20 stoletju n st
rokopis,category,rokopis
rokopisi,category,rokopisi
roman_tominec,category,roman tominec
romuald_marusic,category,romuald marusic
rozmanov_france,category,rozmanov france
rudolf_arko,category,rudolf arko
rudolf_ii_habsburski,category,rudolf ii habsburski
rudolf_marn,category,rudolf marn
sanja_pregl,category,sanja pregl
sasa_vegri,category,sasa vegri
sasa_vrandecic,category,sasa vrandecic
savinja,category,savinja
savinjka,category,savinjka
schwentnerjevi_nagrajenci,category,schwentnerjevi nagrajenci
sebastian_rieger,category,sebastian rieger
seznam_slovenskih_mladinskih_pisateljev_in_knjizevnih_besedil,category,seznam slovenskih mladinskih pisateljev in knjizevnih besedil
seznami,category,seznami
silvester_skerl,category,silvester skerl
simon_gregorcic,category,simon gregorcic
simon_rutar,category,simon rutar
skrbi_gospe_bobkove,category,skrbi gospe bobkove
skrbine,category,skrbine
skrlatica,category,skrlatica
slavko_jug,category,slavko jug
slikanice,category,slikanice
slomsekove_basni_prilike_in_povesti,genre,slomsekove basni prilike in povesti
slovan_1884,category,slovan 1884
slovan_1902,category,slovan 1902
slovanski_svet,category,slovanski svet
slovenec,category,slovenec
slovenec_1873,category,slovenec 1873
slovenka_1897,category,slovenka 1897
slovenka_1919,category,slovenka 1919
slovenka_1922,category,slovenka 1922
slovenska_bcela,category,slovenska bcela
slovenska_cbela,category,slovenska cbela
slovenska_leposlovna_besedila,category,slovenska leposlovna besedila
slovenska_mladinska_knjizevnost,category,slovenska mladinska knjizevnost
slovenska_talija,category,slovenska talija
slovenska_zena,category,slovenska zena
slovenske_kratke_pravljice,category,slovenske kratke pravljice
slovenske_ljudske_pravljice,category,slovenske ljudske pravljice
slovenske_ljudske_pripovedi,category,slovenske ljudske pripovedi
slovenske_pravljice,category,slovenske pravljice
slovenske_vecernice,category,slovenske vecernice
slovenske_vecrnice,category,slovenske vecrnice
slovenski_gospodar,category,slovenski gospodar
slovenski_izseljenci,category,slovenski izseljenci
slovenski_narod,category,slovenski narod
slovenski_pesniki,category,slovenski pesniki
soca,category,soca
soneti,category,soneti
sonja_koranter,category,sonja koranter
sonja_sever,category,sonja sever
spanski_avtorji,category,spanski avtorji
srecko_kosovel,category,srecko kosovel
stanko_vraz,category,stanko vraz
stefan_modrinjak,category,stefan modrinjak
stefan_tonkli,category,stefan tonkli
stefan_zemlic,category,stefan zemlic
stevan_kuzmic,category,stevan kuzmic
stoletniki,category,stoletniki
storije_iz_gornjegrajskega_okraja,category,storije iz gornjegrajskega okraja
strani_s_carobnimi_povezavami_isbn,category,strani s carobnimi povezavami isbn
strani_s_podvojenimi_argumenti_v_klicih_predlog,category,strani s podvojenimi argumenti v klicih predlog
strani_s_prekinjenimi_povezavami_do_datotek,category,strani s prekinjenimi povezavami do datotek
strani_z_napakami_sklicev,category,strani z napakami sklicev
strani_z_velikostmi_slik_ki_vsebujejo_dodatne_px,category,strani z velikostmi slik ki vsebujejo dodatne px
strekljevi_nagrajenci,category,strekljevi nagrajenci
sveti_ciril_in_metod,category,sveti ciril in metod
svetlana_makarovic,category,svetlana makarovic
svetniki,category,svetniki
sveto_pismo,category,sveto pismo
sveto_pismo_anton_alojzij_wolf,category,sveto pismo anton alojzij wolf
sveto_pismo_jurij_japelj,category,sveto pismo jurij japelj
svoboda_casopis,publication,svoboda casopis
tanja_frumen,category,tanja frumen
tatjana_kokalj,category,tatjana kokalj
tatjana_pregl_kobe,category,tatjana pregl kobe
telovadba,category,telovadba
tomaz_salamun,category,tomaz salamun
tone_cufar,category,tone cufar
tone_gaspari,category,tone gaspari
tone_pavcek,category,tone pavcek
triglav,category,triglav
trnovski,category,trnovski
turske_povesti,genre,turske povesti
ucbeniki,category,ucbeniki
uganke,category,uganke
umrli_10_aprila,category,umrli 10 aprila
umrli_10_avgusta,category,umrli 10 avgusta
umrli_10_decembra,category,umrli 10 decembra
umrli_10_februarja,category,umrli 10 februarja
umrli_10_julija,category,umrli 10 julija
umrli_10_junija,category,umrli 10 junija
umrli_10_marca,category,umrli 10 marca
umrli_10_novembra,category,umrli 10 novembra
umrli_11_avgusta,category,umrli 11 avgusta
umrli_11_decembra,category,umrli 11 decembra
umrli_11_februarja,category,umrli 11 februarja
umrli_11_januarja,category,umrli 11 januarja
umrli_11_junija,category,umrli 11 junija
umrli_11_oktobra,category,umrli 11 oktobra
umrli_12_aprila,category,umrli 12 aprila
umrli_12_avgusta,category,umrli 12 avgusta
umrli_12_decembra,category,umrli 12 decembra
umrli_12_februarja,category,umrli 12 februarja
umrli_12_januarja,category,umrli 12 januarja
umrli_12_julija,category,umrli 12 julija
umrli_12_maja,category,umrli 12 maja
umrli_12_marca,category,umrli 12 marca
umrli_12_novembra,category,umrli 12 novembra
umrli_12_oktobra,category,umrli 12 oktobra
umrli_12_septembra,category,umrli 12 septembra
umrli_13_aprila,category,umrli 13 aprila
umrli_13_decembra,category,umrli 13 decembra
umrli_13_februarja,category,umrli 13 februarja
umrli_13_julija,category,umrli 13 julija
umrli_14_aprila,category,umrli 14 aprila
umrli_14_decembra,category,umrli 14 decembra
umrli_14_februarja,category,umrli 14 februarja
umrli_14_julija,category,umrli 14 julija
umrli_14_maja,category,umrli 14 maja
umrli_14_marca,category,umrli 14 marca
umrli_14_novembra,category,umrli 14 novembra
umrli_15_januarja,category,umrli 15 januarja
umrli_15_julija,category,umrli 15 julija
umrli_15_junija,category,umrli 15 junija
umrli_15_marca,category,umrli 15 marca
umrli_15_oktobra,category,umrli 15 oktobra
umrli_15_septembra,category,umrli 15 septembra
umrli_16_aprila,category,umrli 16 aprila
umrli_16_decembra,category,umrli 16 decembra
umrli_16_februarja,category,umrli 16 februarja
umrli_16_januarja,category,umrli 16 januarja
umrli_17_februarja,category,umrli 17 februarja
umrli_17_maja,category,umrli 17 maja
umrli_17_marca,category,umrli 17 marca
umrli_17_novembra,category,umrli 17 novembra
umrli_18_aprila,category,umrli 18 aprila
umrli_18_avgusta,category,umrli 18 avgusta
umrli_18_februarja,category,umrli 18 februarja
umrli_18_januarja,category,umrli 18 januarja
umrli_18_junija,category,umrli 18 junija
umrli_18_maja,category,umrli 18 maja
umrli_18_marca,category,umrli 18 marca
umrli_18_novembra,category,umrli 18 novembra
umrli_18_oktobra,category,umrli 18 oktobra
umrli_18_septembra,category,umrli 18 septembra
umrli_19_decembra,category,umrli 19 decembra
umrli_19_februarja,category,umrli 19 februarja
umrli_19_januarja,category,umrli 19 januarja
umrli_19_julija,category,umrli 19 julija
umrli_19_marca,category,umrli 19 marca
umrli_1_avgusta,category,umrli 1 avgusta
umrli_1_februarja,category,umrli 1 februarja
umrli_1_januarja,category,umrli 1 januarja
umrli_1_junija,category,umrli 1 junija
umrli_1_maja,category,umrli 1 maja
umrli_1_novembra,category,umrli 1 novembra
umrli_1_oktobra,category,umrli 1 oktobra
umrli_1_septembra,category,umrli 1 septembra
umrli_20_aprila,category,umrli 20 aprila
umrli_20_februarja,category,umrli 20 februarja
umrli_20_januarja,category,umrli 20 januarja
umrli_20_julija,category,umrli 20 julija
umrli_20_maja,category,umrli 20 maja
umrli_20_novembra,category,umrli 20 novembra
umrli_20_oktobra,category,umrli 20 oktobra
umrli_21_aprila,category,umrli 21 aprila
umrli_21_decembra,category,umrli 21 decembra
umrli_21_februarja,category,umrli 21 februarja
umrli_21_januarja,category,umrli 21 januarja
umrli_21_maja,category,umrli 21 maja
umrli_21_marca,category,umrli 21 marca
umrli_21_novembra,category,umrli 21 novembra
umrli_21_oktobra,category,umrli 21 oktobra
umrli_22_aprila,category,umrli 22 aprila
umrli_22_decembra,category,umrli 22 decembra
umrli_22_februarja,category,umrli 22 februarja
umrli_22_januarja,category,umrli 22 januarja
umrli_22_marca,category,umrli 22 marca
umrli_22_oktobra,category,umrli 22 oktobra
umrli_22_septembra,category,umrli 22 septembra
umrli_23_aprila,category,umrli 23 aprila
umrli_23_februarja,category,umrli 23 februarja
umrli_23_januarja,category,umrli 23 januarja
umrli_23_maja,category,umrli 23 maja
umrli_23_marca,category,umrli 23 marca
umrli_24_aprila,category,umrli 24 aprila
umrli_24_decembra,category,umrli 24 decembra
umrli_24_maja,category,umrli 24 maja
umrli_24_oktobra,category,umrli 24 oktobra
umrli_24_septembra,category,umrli 24 septembra
umrli_25_decembra,category,umrli 25 decembra
umrli_25_junija,category,umrli 25 junija
umrli_25_maja,category,umrli 25 maja
umrli_25_novembra,category,umrli 25 novembra
umrli_25_oktobra,category,umrli 25 oktobra
umrli_26_aprila,category,umrli 26 aprila
umrli_26_avgusta,category,umrli 26 avgusta
umrli_26_decembra,category,umrli 26 decembra
umrli_26_februarja,category,umrli 26 februarja
umrli_26_junija,category,umrli 26 junija
umrli_26_maja,category,umrli 26 maja
umrli_26_marca,category,umrli 26 marca
umrli_26_novembra,category,umrli 26 novembra
umrli_27_aprila,category,umrli 27 aprila
umrli_27_decembra,category,umrli 27 decembra
umrli_27_februarja,category,umrli 27 februarja
umrli_27_januarja,category,umrli 27 januarja
umrli_27_marca,category,umrli 27 marca
umrli_27_oktobra,category,umrli 27 oktobra
umrli_28_januarja,category,umrli 28 januarja
umrli_28_junija,category,umrli 28 junija
umrli_28_maja,category,umrli 28 maja
umrli_28_marca,category,umrli 28 marca
umrli_28_novembra,category,umrli 28 novembra
umrli_28_oktobra,category,umrli 28 oktobra
umrli_29_aprila,category,umrli 29 aprila
umrli_29_avgusta,category,umrli 29 avgusta
umrli_29_decembra,category,umrli 29 decembra
umrli_29_februarja,category,umrli 29 februarja
umrli_29_julija,category,umrli 29 julija
umrli_29_junija,category,umrli 29 junija
umrli_29_maja,category,umrli 29 maja
umrli_29_marca,category,umrli 29 marca
umrli_29_novembra,category,umrli 29 novembra
umrli_29_septembra,category,umrli 29 septembra
umrli_2_aprila,category,umrli 2 aprila
umrli_2_avgusta,category,umrli 2 avgusta
umrli_2_decembra,category,umrli 2 decembra
umrli_2_februarja,category,umrli 2 februarja
umrli_2_junija,category,umrli 2 junija
umrli_2_maja,category,umrli 2 maja
umrli_2_septembra,category,umrli 2 septembra
umrli_30,category,umrli 30
umrli_30_decembra,category,umrli 30 decembra
umrli_30_januarja,category,umrli 30 januarja
umrli_30_maja,category,umrli 30 maja
umrli_30_marca,category,umrli 30 marca
umrli_30_novembra,category,umrli 30 novembra
umrli_31_avgusta,category,umrli 31 avgusta
umrli_31_decembra,category,umrli 31 decembra
umrli_31_julija,category,umrli 31 julija
umrli_31_marca,category,umrli 31 marca
umrli_3_avgusta,category,umrli 3 avgusta
umrli_3_decembra,category,umrli 3 decembra
umrli_3_februarja,category,umrli 3 februarja
umrli_3_januarja,category,umrli 3 januarja
umrli_3_julija,category,umrli 3 julija
umrli_3_maja,category,umrli 3 maja
umrli_3_septembra,category,umrli 3 septembra
umrli_4_aprila,category,umrli 4 aprila
umrli_4_avgusta,category,umrli 4 avgusta
umrli_4_februarja,category,umrli 4 februarja
umrli_4_januarja,category,umrli 4 januarja
umrli_4_maja,category,umrli 4 maja
umrli_4_marca,category,umrli 4 marca
umrli_4_novembra,category,umrli 4 novembra
umrli_5_avgusta,category,umrli 5 avgusta
umrli_5_januarja,category,umrli 5 januarja
umrli_5_maja,category,umrli 5 maja
umrli_5_novembra,category,umrli 5 novembra
umrli_5_oktobra,category,umrli 5 oktobra
umrli_6_februarja,category,umrli 6 februarja
umrli_6_januarja,category,umrli 6 januarja
umrli_6_julija,category,umrli 6 julija
umrli_7_aprila,category,umrli 7 aprila
umrli_7_avgusta,category,umrli 7 avgusta
umrli_7_februarja,category,umrli 7 februarja
umrli_7_januarja,category,umrli 7 januarja
umrli_7_marca,category,umrli 7 marca
umrli_7_novembra,category,umrli 7 novembra
umrli_7_oktobra,category,umrli 7 oktobra
umrli_8_aprila,category,umrli 8 aprila
umrli_8_avgusta,category,umrli 8 avgusta
umrli_8_januarja,category,umrli 8 januarja
umrli_8_maja,category,umrli 8 maja
umrli_8_marca,category,umrli 8 marca
umrli_8_oktobra,category,umrli 8 oktobra
umrli_9_februarja,category,umrli 9 februarja
umrli_9_junija,category,umrli 9 junija
umrli_9_maja,category,umrli 9 maja
umrli_9_marca,category,umrli 9 marca
umrli_9_novembra,category,umrli 9 novembra
umrli_leta_1256,category,umrli leta 1256
umrli_leta_1303,category,umrli leta 1303
umrli_leta_1447,category,umrli leta 1447
umrli_leta_1468,category,umrli leta 1468
umrli_leta_1519,category,umrli leta 1519
umrli_leta_1549,category,umrli leta 1549
umrli_leta_1586,category,umrli leta 1586
umrli_leta_1589,category,umrli leta 1589
umrli_leta_1612,category,umrli leta 1612
umrli_leta_1616,category,umrli leta 1616
umrli_leta_1669,category,umrli leta 1669
umrli_leta_1723,category,umrli leta 1723
umrli_leta_1741,category,umrli leta 1741
umrli_leta_1748,category,umrli leta 1748
umrli_leta_1758,category,umrli leta 1758
umrli_leta_1779,category,umrli leta 1779
umrli_leta_1780,category,umrli leta 1780
umrli_leta_1786,category,umrli leta 1786
umrli_leta_1788,category,umrli leta 1788
umrli_leta_1790,category,umrli leta 1790
umrli_leta_1793,category,umrli leta 1793
umrli_leta_1801,category,umrli leta 1801
umrli_leta_1810,category,umrli leta 1810
umrli_leta_1816,category,umrli leta 1816
umrli_leta_1819,category,umrli leta 1819
umrli_leta_1827,category,umrli leta 1827
umrli_leta_1835,category,umrli leta 1835
umrli_leta_1836,category,umrli leta 1836
umrli_leta_1837,category,umrli leta 1837
umrli_leta_1843,category,umrli leta 1843
umrli_leta_1844,category,umrli leta 1844
umrli_leta_1847,category,umrli leta 1847
umrli_leta_1849,category,umrli leta 1849
umrli_leta_1850,category,umrli leta 1850
umrli_leta_1851,category,umrli leta 1851
umrli_leta_1852,category,umrli leta 1852
umrli_leta_1854,category,umrli leta 1854
umrli_leta_1855,category,umrli leta 1855
umrli_leta_1857,category,umrli leta 1857
umrli_leta_1858,category,umrli leta 1858
umrli_leta_1860,category,umrli leta 1860
umrli_leta_1861,category,umrli leta 1861
umrli_leta_1862,category,umrli leta 1862
umrli_leta_1863,category,umrli leta 1863
umrli_leta_1864,category,umrli leta 1864
umrli_leta_1866,category,umrli leta 1866
umrli_leta_1867,category,umrli leta 1867
umrli_leta_1868,category,umrli leta 1868
umrli_leta_1869,category,umrli leta 1869
umrli_leta_1870,category,umrli leta 1870
umrli_leta_1871,category,umrli leta 1871
umrli_leta_1872,category,umrli leta 1872
umrli_leta_1873,category,umrli leta 1873
umrli_leta_1874,category,umrli leta 1874
umrli_leta_1875,category,umrli leta 1875
umrli_leta_1876,category,umrli leta 1876
umrli_leta_1877,category,umrli leta 1877
umrli_leta_1878,category,umrli leta 1878
umrli_leta_1879,category,umrli leta 1879
umrli_leta_1880,category,umrli leta 1880
umrli_leta_1881,category,umrli leta 1881
umrli_leta_1883,category,umrli leta 1883
umrli_leta_1884,category,umrli leta 1884
umrli_leta_1885,category,umrli leta 1885
umrli_leta_1886,category,umrli leta 1886
umrli_leta_1887,category,umrli leta 1887
umrli_leta_1888,category,umrli leta 1888
umrli_leta_1890,category,umrli leta 1890
umrli_leta_1891,category,umrli leta 1891
umrli_leta_1892,category,umrli leta 1892
umrli_leta_1895,category,umrli leta 1895
umrli_leta_1897,category,umrli leta 1897
umrli_leta_1898,category,umrli leta 1898
umrli_leta_1900,category,umrli leta 1900
umrli_leta_1901,category,umrli leta 1901
umrli_leta_1902,category,umrli leta 1902
umrli_leta_1903,category,umrli leta 1903
umrli_leta_1904,category,umrli leta 1904
umrli_leta_1905,category,umrli leta 1905
umrli_leta_1906,category,umrli leta 1906
umrli_leta_1909,category,umrli leta 1909
umrli_leta_1910,category,umrli leta 1910
umrli_leta_1912,category,umrli leta 1912
umrli_leta_1914,category,umrli leta 1914
umrli_leta_1916,category,umrli leta 1916
umrli_leta_1917,category,umrli leta 1917
umrli_leta_1918,category,umrli leta 1918
umrli_leta_1919,category,umrli leta 1919
umrli_leta_1920,category,umrli leta 1920
umrli_leta_1922,category,umrli leta 1922
umrli_leta_1923,category,umrli leta 1923
umrli_leta_1924,category,umrli leta 1924
umrli_leta_1925,category,umrli leta 1925
umrli_leta_1926,category,umrli leta 1926
umrli_leta_1927,category,umrli leta 1927
umrli_leta_1929,category,umrli leta 1929
umrli_leta_1930,category,umrli leta 1930
umrli_leta_1931,category,umrli leta 1931
umrli_leta_1932,category,umrli leta 1932
umrli_leta_1933,category,umrli leta 1933
umrli_leta_1934,category,umrli leta 1934
umrli_leta_1935,category,umrli leta 1935
umrli_leta_1936,category,umrli leta 1936
umrli_leta_1937,category,umrli leta 1937
umrli_leta_1938,category,umrli leta 1938
umrli_leta_1939,category,umrli leta 1939
umrli_leta_1940,category,umrli leta 1940
umrli_leta_1941,category,umrli leta 1941
umrli_leta_1942,category,umrli leta 1942
umrli_leta_1943,category,umrli leta 1943
umrli_leta_1944,category,umrli leta 1944
umrli_leta_1945,category,umrli leta 1945
umrli_leta_1947,category,umrli leta 1947
umrli_leta_1948,category,umrli leta 1948
umrli_leta_1949,category,umrli leta 1949
umrli_leta_1951,category,umrli leta 1951
umrli_leta_1952,category,umrli leta 1952
umrli_leta_1953,category,umrli leta 1953
umrli_leta_1954,category,umrli leta 1954
umrli_leta_1955,category,umrli leta 1955
umrli_leta_1956,category,umrli leta 1956
umrli_leta_1957,category,umrli leta 1957
umrli_leta_1958,category,umrli leta 1958
umrli_leta_1959,category,umrli leta 1959
umrli_leta_1960,category,umrli leta 1960
umrli_leta_1961,category,umrli leta 1961
umrli_leta_1962,category,umrli leta 1962
umrli_leta_1963,category,umrli leta 1963
umrli_leta_1964,category,umrli leta 1964
umrli_leta_1965,category,umrli leta 1965
umrli_leta_1966,category,umrli leta 1966
umrli_leta_1967,category,umrli leta 1967
umrli_leta_1970,category,umrli leta 1970
umrli_leta_1971,category,umrli leta 1971
umrli_leta_1972,category,umrli leta 1972
umrli_leta_1974,category,umrli leta 1974
umrli_leta_1975,category,umrli leta 1975
umrli_leta_1977,category,umrli leta 1977
umrli_leta_1980,category,umrli leta 1980
umrli_leta_1981,category,umrli leta 1981
umrli_leta_1982,category,umrli leta 1982
umrli_leta_1983,category,umrli leta 1983
umrli_leta_1984,category,umrli leta 1984
umrli_leta_1986,category,umrli leta 1986
umrli_leta_1987,category,umrli leta 1987
umrli_leta_1988,category,umrli leta 1988
umrli_leta_1990,category,umrli leta 1990
umrli_leta_1991,category,umrli leta 1991
umrli_leta_1992,category,umrli leta 1992
umrli_leta_1993,category,umrli leta 1993
umrli_leta_1995,category,umrli leta 1995
umrli_leta_1996,category,umrli leta 1996
umrli_leta_1997,category,umrli leta 1997
umrli_leta_1998,category,umrli leta 1998
umrli_leta_2004,category,umrli leta 2004
umrli_leta_2005,category,umrli leta 2005
umrli_leta_2006,category,umrli leta 2006
umrli_leta_2008,category,umrli leta 2008
umrli_leta_2009,category,umrli leta 2009
umrli_leta_2010,category,umrli leta 2010
umrli_leta_2011,category,umrli leta 2011
umrli_leta_2012,category,umrli leta 2012
umrli_leta_2014,category,umrli leta 2014
umrli_leta_2015,category,umrli leta 2015
umrli_leta_2016,category,umrli leta 2016
umrli_leta_2021,category,umrli leta 2021
umrli_leta_2023,category,umrli leta 2023
umrli_leta_2025,category,umrli leta 2025
umrli_na_rojstni_dan,category,umrli na rojstni dan
umrli_pred_manj_kot_70_leti,category,umrli pred manj kot 70 leti
umrli_pred_vec_kot_70_leti,category,umrli pred vec kot 70 leti
umrli_v_30_letih,category,umrli v 30 letih
urban_jarnik,category,urban jarnik
v_islandscini,category,v islandscini
v_javni_domeni,category,v javni domeni
v_javni_lasti,category,v javni lasti
vaclav_kosmak,category,vaclav kosmak
valentin_bernik,category,valentin bernik
valentin_orozen,category,valentin orozen
valentin_stanic,category,valentin stanic
valentin_vodnik,category,valentin vodnik
valentin_zarnik,category,valentin zarnik
vanja_strle,category,vanja strle
vera_albreht,category,vera albreht
vera_lestan,category,vera lestan
verzologija,category,verzologija
victor_von_b,category,victor von b
vida_jeraj,category,vida jeraj
vida_taufer,category,vida taufer
vigred,category,vigred
viktorija_zmaga_glogovec,category,viktorija zmaga glogovec
vinko_kosak,category,vinko kosak
vitomil_zupan,category,vitomil zupan
vitomir_feodor_jelenc,category,vitomir feodor jelenc
vladimir_bartol,category,vladimir bartol
vladimir_iljic_uljanov,category,vladimir iljic uljanov
vladimir_levstik,category,vladimir levstik
vojna_tematika,category,vojna tematika
vrbsko_jezero,category,vrbsko jezero
vsi_avtorji,category,vsi avtorji
vsi_naslovi,category,vsi naslovi
william_chambers_morrow,category,william chambers morrow
zakaj_zato,category,zakaj zato
zbirka_slovenskih_leposlovnih_besedil,category,zbirka slovenskih leposlovnih besedil
zbornik_matice_slovenske,category,zbornik matice slovenske
zbrano_delo_2,category,zbrano delo 2
zdenka_obal,category,zdenka obal
zdenka_zebre,category,zdenka zebre
zdravje,category,zdravje
zdravko_dusa,category,zdravko dusa
zdravko_ocvirk,category,zdravko ocvirk
zdravljica,category,zdravljica
zdruzene_drzave_amerike,category,zdruzene drzave amerike
zelezar,category,zelezar
zena_in_dom,category,zena in dom
zenska_literatura,category,zenska literatura
zenski_casopisi,publication,zenski casopisi
zenski_list,publication,zenski list
zenski_svet,category,zenski svet
zgodovina,category,zgodovina
zima_vrscaj_holy,category,zima vrscaj holy
ziveci_avtorji,category,ziveci avtorji
zlata_volaric,category,zlata volaric
znamenje_na_plesi,category,znamenje na plesi
zofka_kveder,category,zofka kveder
zora,category,zora
zoran_bozic,category,zoran bozic
zorko_simcic,category,zorko simcic
zvezdenje,category,zvezdenje
zvon,category,zvon
zvoncek_1900,category,zvoncek 1900
zvonimir_kosem,category,zvonimir kosem
